index,moisture_1,humidity_1,temperature_1
0,69,80,23.2
1,69,81,23.1
2,69,82,23.2
3,69,82,23.1
4,68,81,23.0
5,69,81,23.2
6,69,80,22.9
7,69,80,22.8
8,69,78,23.1
9,69,77,23.0
10,69,77,22.7
11,69,78,22.8
12,69,78,22.8
13,69,79,22.7
14,69,79,22.7
15,69,78,22.9
16,69,79,23.1
17,69,80,23.0
18,68,83,22.9
19,69,84,22.8
20,68,87,22.5
21,68,87,22.6
22,68,88,22.5
23,68,88,22.3
24,69,88,22.3
25,68,87,22.3
26,69,88,22.3
27,69,89,22.4
28,68,48,22.3
29,69,50,22.2
30,69,55,22.2
31,69,54,22.2
32,68,51,22.2
33,68,46,22.3
34,68,50,22.2
35,68,55,22.4
36,68,59,22.7
37,69,55,22.7
38,68,47,22.8
39,69,47,22.7
40,68,53,22.7
41,68,60,22.5
42,68,47,22.5
43,68,48,22.5
44,69,53,22.7
45,68,59,22.5
46,68,50,22.6
47,67,58,22.7
48,68,59,22.7
49,68,56,22.5
50,69,57,22.7
51,68,61,22.6
52,69,55,22.7
53,69,59,22.7
54,69,90,22.7
55,68,88,22.8
56,69,87,22.7
57,68,86,22.8
58,69,85,22.7
59,69,84,22.7
60,69,84,22.7
61,68,83,22.6
62,68,83,22.7
63,69,84,22.5
64,68,83,22.5
65,69,83,22.5
66,68,81,22.5
67,68,82,22.5
68,69,82,22.5
69,69,85,22.4
70,69,87,22.4
71,69,89,22.5
72,68,50,22.4
73,69,53,22.2
74,68,55,22.2
75,68,51,22.4
76,68,47,22.4
77,68,57,22.2
78,68,52,22.1
79,69,53,22.3
80,68,51,22.2
81,68,47,22.0
82,69,58,22.0
83,68,47,21.9
84,69,48,21.9
85,68,60,21.8
86,68,52,21.9
87,67,47,21.8
88,69,89,22.0
89,67,90,21.8
90,68,89,21.8
91,68,90,21.6
92,68,90,21.7
93,69,88,21.7
94,69,85,22.0
95,69,85,21.9
96,68,85,21.9
97,68,84,21.9
98,69,85,21.7
99,69,84,21.7
100,68,81,21.9
101,70,81,21.7
102,69,82,21.3
103,69,82,21.4
104,69,82,21.2
105,69,82,21.4
106,68,84,21.3
107,69,83,21.2
108,69,83,21.4
109,69,81,21.3
110,69,80,21.4
111,68,79,21.5
112,69,78,21.6
113,68,77,21.9
114,69,75,22.2
115,69,75,22.3
116,68,75,22.4
117,69,74,22.5
118,68,75,22.7
119,69,74,22.9
120,68,74,23.0
121,68,73,23.2
122,68,72,23.7
123,68,65,25.8
124,68,62,26.3
125,68,61,26.3
126,68,58,27.0
127,68,58,26.9
128,67,58,27.2
129,67,55,28.1
130,67,55,28.1
131,67,54,28.5
132,67,55,28.6
133,67,53,28.6
134,67,53,28.9
135,67,51,29.4
136,66,55,27.5
137,66,55,28.0
138,65,52,29.4
139,65,52,29.7
140,65,50,30.7
141,65,50,30.1
142,65,48,31.2
143,65,46,30.7
144,64,48,30.8
145,65,44,31.8
146,64,45,31.8
147,64,51,29.2
148,64,51,29.9
149,63,51,30.2
150,63,52,30.1
151,64,53,28.8
152,63,51,29.6
153,63,52,29.9
154,62,51,30.8
155,63,49,30.9
156,63,49,29.8
157,62,54,29.0
158,62,55,29.6
159,62,54,29.6
160,61,52,30.4
161,62,50,31.7
162,62,47,31.2
163,61,47,31.3
164,61,48,31.2
165,62,45,32.2
166,62,45,32.1
167,61,48,30.7
168,61,46,32.3
169,61,44,32.8
170,61,44,34.4
171,61,43,34.4
172,61,45,33.6
173,61,44,33.5
174,61,45,33.7
175,61,47,32.8
176,61,49,31.2
177,61,50,30.5
178,61,48,30.6
179,61,43,31.6
180,60,42,31.6
181,60,39,33.3
182,60,37,33.4
183,59,34,34.3
184,59,35,34.3
185,59,37,33.5
186,59,38,33.1
187,59,38,32.9
188,58,35,32.9
189,59,35,34.0
190,59,34,33.3
191,59,35,33.4
192,59,37,33.2
193,59,39,32.3
194,59,41,32.0
195,59,42,31.5
196,59,45,30.8
197,59,49,30.0
198,60,47,31.7
199,59,53,30.1
200,60,52,30.8
201,60,52,31.1
202,59,53,30.8
203,59,52,31.3
204,58,53,31.3
205,58,55,30.5
206,58,55,31.1
207,58,56,30.8
208,58,58,29.7
209,58,59,29.3
210,58,59,28.8
211,58,59,28.8
212,57,58,28.8
213,58,54,30.4
214,58,56,29.5
215,58,60,28.0
216,68,58,28.9
217,69,64,27.1
218,69,61,27.8
219,68,63,27.4
220,68,60,27.8
221,68,60,27.5
222,68,60,27.3
223,68,61,27.2
224,68,61,27.0
225,68,66,25.9
226,68,66,26.2
227,68,68,25.6
228,67,69,25.5
229,67,69,25.3
230,67,70,25.0
231,67,71,24.9
232,67,71,24.7
233,66,71,24.8
234,67,72,24.8
235,67,71,24.6
236,66,72,24.4
237,67,72,24.3
238,66,70,24.4
239,66,72,24.2
240,67,72,24.1
241,66,73,23.9
242,66,71,23.9
243,65,72,23.7
244,66,72,23.6
245,67,71,23.6
246,66,71,23.5
247,66,70,23.5
248,66,71,23.4
249,66,71,23.4
250,66,71,23.4
251,66,71,23.2
252,66,70,23.3
253,66,69,23.4
254,66,68,23.3
255,66,69,23.3
256,66,69,23.3
257,66,69,23.3
258,65,70,23.1
259,66,70,23.1
260,66,70,23.1
261,65,70,23.1
262,65,70,23.0
263,65,70,23.1
264,66,71,23.0
265,66,72,22.9
266,66,71,23.0
267,66,71,23.1
268,66,72,22.9
269,66,71,23.0
270,66,71,23.0
271,66,72,22.9
272,66,71,23.0
273,66,71,23.0
274,66,71,22.7
275,66,73,22.7
276,66,71,22.8
277,66,72,22.6
278,65,71,22.7
279,66,71,22.6
280,66,73,22.5
281,66,74,22.5
282,66,75,22.2
283,66,75,22.2
284,66,75,22.2
285,65,74,22.3
286,65,72,22.4
287,66,74,22.2
288,65,74,22.4
289,65,72,22.4
290,65,72,22.4
291,65,73,22.3
292,66,73,22.3
293,66,73,22.2
294,66,74,22.0
295,66,73,22.1
296,66,74,21.9
297,66,73,22.0
298,65,73,22.2
299,66,71,22.4
300,65,72,22.3
301,66,71,22.2
302,66,72,22.1
303,66,74,21.9
304,66,74,21.8
305,65,75,21.8
306,66,75,21.8
307,65,75,21.7
308,66,75,21.7
309,66,73,21.9
310,66,74,21.9
311,65,75,21.6
312,66,75,21.5
313,66,76,21.3
314,65,76,21.4
315,66,74,21.4
316,66,74,21.3
317,66,74,21.1
318,66,75,21.1
319,66,73,21.4
320,66,74,21.1
321,66,73,21.1
322,66,71,21.3
323,66,70,21.2
324,66,71,21.2
325,66,70,20.9
326,66,72,20.8
327,66,73,20.8
328,66,74,20.6
329,66,74,20.5
330,66,75,20.3
331,66,76,20.3
332,66,77,20.2
333,66,78,20.2
334,66,78,20.2
335,66,78,20.2
336,65,78,20.3
337,66,77,20.2
338,66,78,20.0
339,66,78,19.9
340,66,78,19.7
341,66,78,19.8
342,66,77,20.0
343,66,76,20.2
344,65,75,20.3
345,66,75,20.2
346,66,73,20.4
347,66,72,20.5
348,66,74,20.5
349,65,74,20.4
350,65,75,20.7
351,66,75,20.7
352,64,76,20.9
353,64,76,21.0
354,64,79,20.5
355,64,80,20.3
356,66,82,20.2
357,65,82,20.2
358,65,84,19.9
359,65,83,20.1
360,64,84,20.0
361,65,84,19.9
362,66,86,19.8
363,64,86,19.7
364,65,84,20.0
365,64,84,19.9
366,65,82,20.0
367,64,80,20.2
368,65,80,20.0
369,65,81,20.0
370,65,82,19.6
371,64,82,19.7
372,66,83,19.8
373,65,83,19.8
374,66,82,20.0
375,66,81,20.1
376,65,82,19.9
377,65,85,19.6
378,65,84,19.8
379,66,85,19.5
380,65,86,19.2
381,65,85,19.4
382,65,84,19.5
383,65,83,19.7
384,64,84,19.5
385,65,86,19.4
386,64,85,19.5
387,64,85,19.3
388,65,84,19.2
389,65,82,19.2
390,64,84,19.2
391,64,82,19.3
392,65,82,19.2
393,65,85,19.0
394,65,84,19.3
395,65,80,19.6
396,65,79,19.5
397,66,80,19.1
398,65,81,19.1
399,66,77,19.4
400,64,79,19.2
401,65,77,19.7
402,65,76,19.7
403,65,76,20.1
404,65,75,20.3
405,64,72,20.4
406,66,70,20.9
407,66,66,21.2
408,66,64,21.6
409,66,57,24.2
410,65,50,25.9
411,65,47,26.4
412,65,46,27.5
413,66,44,28.1
414,66,43,27.8
415,65,43,27.8
416,66,42,28.0
417,65,40,28.2
418,65,39,29.0
419,65,38,29.5
420,65,37,30.0
421,65,37,29.5
422,64,39,28.5
423,64,42,27.3
424,64,38,30.1
425,64,37,30.8
426,64,37,30.5
427,64,34,32.0
428,72,35,31.0
429,72,35,30.4
430,72,33,30.9
431,72,35,31.3
432,72,33,31.2
433,72,35,30.9
434,72,63,25.9
435,71,63,25.9
436,71,63,25.9
437,71,63,25.9
438,71,63,25.9
439,71,63,25.9
440,70,63,25.9
441,70,63,25.9
442,71,63,25.9
443,71,63,25.9
444,70,63,25.9
445,69,63,25.9
446,69,63,25.9
447,69,63,25.9
448,69,63,25.9
449,69,63,25.9
450,68,63,25.9
451,68,63,25.9
452,68,63,25.9
453,68,63,25.9
454,68,63,25.9
455,68,63,25.9
456,68,63,25.9
457,68,63,25.9
458,68,63,25.9
459,68,63,25.9
460,68,63,25.9
461,68,63,25.9
462,68,63,25.9
463,68,63,25.9
464,67,63,25.9
465,67,63,25.9
466,67,63,25.9
467,67,63,25.9
468,67,63,25.9
469,66,63,25.9
470,66,63,25.9
471,65,63,25.9
472,65,63,25.9
473,65,63,25.9
474,65,63,25.9
475,65,63,25.9
476,65,63,25.9
477,65,63,25.9
478,65,63,25.9
479,65,63,25.9
480,65,63,25.9
481,65,63,25.9
482,65,63,25.9
483,65,63,25.9
484,64,63,25.9
485,64,63,25.9
486,65,63,25.9
487,65,63,25.9
488,66,63,25.9
489,66,63,25.9
490,65,63,25.9
491,65,63,25.9
492,65,63,25.9
493,65,63,25.9
494,65,63,25.9
495,64,63,25.9
496,65,63,25.9
497,64,63,25.9
498,64,49,30.1
499,64,51,29.6
500,64,52,29.0
501,64,52,29.2
502,64,53,29.1
503,64,53,28.4
504,64,52,29.0
505,63,55,28.1
506,64,53,28.7
507,64,53,28.1
508,65,53,28.3
509,66,56,27.4
510,65,58,26.6
511,65,60,26.1
512,65,62,25.8
513,65,60,25.9
514,65,60,25.5
515,65,61,25.5
516,65,63,25.6
517,65,65,25.4
518,65,66,25.2
519,65,66,25.2
520,65,65,25.1
521,65,66,25.1
522,65,65,24.9
523,65,65,24.7
524,65,65,24.7
525,65,65,24.6
526,64,65,24.6
527,65,65,24.4
528,65,65,24.3
529,65,64,24.3
530,65,64,24.2
531,64,64,24.2
532,65,64,24.1
533,64,65,23.9
534,64,65,23.9
535,65,66,23.9
536,64,67,23.8
537,64,68,23.7
538,64,68,23.8
539,64,68,23.7
540,64,69,23.7
541,64,69,23.8
542,64,69,23.5
543,64,68,23.6
544,64,69,23.7
545,64,70,23.5
546,64,69,23.6
547,64,71,23.4
548,64,71,23.3
549,64,72,23.2
550,64,72,23.3
551,64,72,23.2
552,64,72,23.2
553,64,71,23.3
554,64,70,23.2
555,64,68,23.3
556,64,70,23.2
557,64,70,23.3
558,64,71,23.3
559,64,69,23.2
560,64,70,23.4
561,64,64,23.6
562,64,64,23.5
563,64,63,23.5
564,64,62,23.6
565,64,61,23.6
566,64,61,23.5
567,64,61,23.5
568,64,61,23.5
569,64,60,23.5
570,64,61,23.4
571,64,59,23.3
572,64,59,23.3
573,64,60,23.1
574,64,62,22.8
575,64,60,22.8
576,64,59,22.8
577,64,56,23.0
578,64,55,23.1
579,64,54,22.9
580,64,56,22.6
581,64,54,22.7
582,64,54,22.8
583,64,55,22.6
584,64,54,22.6
585,64,54,22.4
586,64,54,22.3
587,64,51,22.5
588,63,50,22.7
589,63,50,23.0
590,64,49,22.9
591,63,50,22.6
592,63,48,22.8
593,64,50,22.3
594,63,49,22.3
595,64,48,22.5
596,63,49,22.2
597,63,50,21.9
598,63,50,21.7
599,64,50,21.7
600,63,51,21.6
601,64,51,21.3
602,64,48,21.6
603,64,50,21.3
604,64,50,21.4
605,64,51,21.2
606,64,52,20.9
607,64,52,20.9
608,64,50,21.1
609,64,52,20.8
610,64,50,21.2
611,64,50,21.2
612,63,50,21.1
613,64,51,20.8
614,64,52,21.0
615,64,52,21.0
616,64,52,21.0
617,64,52,21.2
618,64,52,21.2
619,64,52,21.4
620,63,53,21.0
621,64,55,21.2
622,63,58,21.1
623,63,60,21.3
624,63,60,21.6
625,64,60,21.4
626,63,60,21.4
627,64,61,21.1
628,64,62,21.1
629,64,63,20.8
630,64,63,20.9
631,64,62,20.9
632,64,63,20.8
633,64,62,21.0
634,64,64,21.1
635,64,66,20.5
636,64,67,20.3
637,64,68,20.5
638,64,68,20.3
639,64,68,20.4
640,64,69,20.1
641,64,70,20.1
642,64,70,20.0
643,63,70,20.0
644,64,72,19.7
645,64,72,19.6
646,64,70,20.0
647,64,71,19.9
648,64,70,20.0
649,64,72,20.0
650,63,73,19.6
651,64,73,19.7
652,64,72,19.6
653,64,72,19.6
654,64,71,19.5
655,64,70,19.3
656,64,67,19.5
657,64,67,19.6
658,64,64,19.8
659,64,62,20.4
660,64,62,20.2
661,64,63,19.9
662,64,66,19.8
663,64,67,19.4
664,64,71,19.5
665,64,74,19.5
666,64,78,18.9
667,64,80,19.0
668,64,82,18.8
669,64,81,19.4
670,64,81,19.2
671,64,78,19.3
672,64,82,19.0
673,64,83,18.6
674,64,82,18.7
675,64,83,18.8
676,64,83,18.8
677,64,83,18.9
678,64,85,18.5
679,64,85,18.7
680,64,82,19.0
681,64,84,19.1
682,64,85,18.7
683,64,84,18.9
684,64,83,19.1
685,64,82,19.5
686,64,81,19.6
687,63,83,19.6
688,64,84,19.6
689,64,83,19.9
690,63,81,20.2
691,63,78,20.4
692,64,73,20.8
693,63,70,20.9
694,63,66,21.3
695,63,62,22.0
696,63,51,24.0
697,63,49,25.4
698,63,47,26.1
699,63,46,26.5
700,63,46,27.0
701,63,46,27.5
702,63,43,28.0
703,62,42,28.7
704,63,43,28.2
705,62,39,29.3
706,62,38,29.1
707,62,39,28.4
708,62,36,29.2
709,62,39,27.4
710,62,36,28.8
711,62,34,29.4
712,61,63,25.9
713,61,63,25.9
714,61,63,25.9
715,61,63,25.9
716,61,63,25.9
717,61,63,25.9
718,61,63,25.9
719,61,63,25.9
720,61,63,25.9
721,61,63,25.9
722,61,63,25.9
723,61,63,25.9
724,61,63,25.9
725,61,63,25.9
726,61,63,25.9
727,60,63,25.9
728,61,63,25.9
729,61,63,25.9
730,61,63,25.9
731,60,63,25.9
732,60,63,25.9
733,61,63,25.9
734,60,63,25.9
735,60,63,25.9
736,60,63,25.9
737,60,63,25.9
738,60,63,25.9
739,60,63,25.9
740,61,63,25.9
741,60,63,25.9
742,60,63,25.9
743,60,63,25.9
744,61,63,25.9
745,61,63,25.9
746,60,63,25.9
747,60,63,25.9
748,60,63,25.9
749,61,63,25.9
750,61,63,25.9
751,60,63,25.9
752,61,63,25.9
753,60,63,25.9
754,61,63,25.9
755,60,63,25.9
756,60,63,25.9
757,60,63,25.9
758,60,63,25.9
759,61,63,25.9
760,61,63,25.9
761,60,63,25.9
762,59,63,25.9
763,59,63,25.9
764,59,63,25.9
765,60,63,25.9
766,60,63,25.9
767,60,63,25.9
768,59,63,25.9
769,60,63,25.9
770,60,63,25.9
771,59,63,25.9
772,60,63,25.9
773,60,63,25.9
774,60,63,25.9
775,60,63,25.9
776,60,63,25.9
777,61,63,25.9
778,60,63,25.9
779,60,63,25.9
780,59,63,25.9
781,59,63,25.9
782,59,63,25.9
783,59,63,25.9
784,59,63,25.9
785,60,63,25.9
786,60,63,25.9
787,59,63,25.9
788,60,63,25.9
789,60,63,25.9
790,59,63,25.9
791,60,63,25.9
792,60,63,25.9
793,59,63,25.9
794,60,63,25.9
795,61,63,25.9
796,61,63,25.9
797,61,63,25.9
798,69,63,26.0
799,68,65,25.5
800,68,66,25.3
801,68,64,25.4
802,67,66,25.1
803,67,66,25.0
804,67,66,25.0
805,67,66,25.0
806,66,67,24.8
807,67,66,24.9
808,66,67,24.7
809,66,69,24.4
810,66,70,24.3
811,67,71,24.4
812,66,72,24.2
813,66,73,24.1
814,67,76,23.9
815,66,76,23.9
816,66,77,23.7
817,66,78,23.8
818,67,79,23.5
819,66,80,23.5
820,66,80,23.5
821,66,81,23.4
822,66,82,23.4
823,66,82,23.3
824,66,82,23.3
825,66,82,23.2
826,66,83,23.1
827,66,82,23.3
828,65,81,23.2
829,66,81,23.2
830,66,81,23.2
831,65,82,23.0
832,66,81,23.1
833,66,82,23.0
834,66,82,23.0
835,66,83,22.8
836,66,82,22.8
837,66,82,22.9
838,66,82,22.8
839,65,81,23.0
840,66,82,22.9
841,66,81,23.0
842,65,82,22.9
843,66,81,22.8
844,65,82,22.8
845,65,83,22.6
846,66,83,22.6
847,65,83,22.6
848,65,83,22.7
849,65,84,22.5
850,65,84,22.5
851,66,84,22.4
852,66,83,22.4
853,66,84,22.4
854,65,85,22.1
855,65,85,22.2
856,66,86,22.0
857,65,85,22.1
858,66,85,22.1
859,66,84,22.0
860,66,81,22.0
861,66,78,22.5
862,66,79,22.4
863,66,77,22.4
864,66,78,22.3
865,66,79,22.2
866,66,80,22.1
867,65,80,21.7
868,65,80,21.9
869,66,78,22.2
870,66,76,22.2
871,66,76,22.2
872,65,75,22.0
873,66,75,21.9
874,66,76,22.0
875,65,79,21.9
876,66,80,21.7
877,66,80,21.5
878,66,81,21.4
879,65,80,21.6
880,66,80,21.8
881,66,81,21.4
882,66,82,21.2
883,66,82,21.4
884,66,82,21.4
885,65,80,21.6
886,66,79,21.8
887,66,80,21.6
888,66,80,21.4
889,66,82,21.3
890,66,84,21.1
891,66,86,20.7
892,66,86,20.7
893,65,87,20.5
894,65,85,21.1
895,65,85,21.3
896,65,86,21.1
897,65,85,21.1
898,65,85,21.1
899,66,84,21.2
900,66,84,21.3
901,66,85,20.9
902,66,86,20.9
903,65,86,20.9
904,65,88,20.7
905,66,86,21.1
906,66,87,21.0
907,65,88,20.9
908,65,89,20.7
909,64,88,20.8
910,65,46,20.8
911,65,56,20.6
912,66,52,20.5
913,65,58,20.5
914,65,56,20.4
915,65,54,20.5
916,65,53,20.7
917,66,89,21.1
918,66,90,21.1
919,66,89,21.1
920,65,90,21.0
921,65,59,20.8
922,64,52,20.8
923,65,47,20.6
924,65,55,20.8
925,64,55,20.7
926,66,53,20.5
927,64,48,20.6
928,64,53,20.7
929,65,53,20.9
930,65,50,21.0
931,65,59,21.0
932,65,51,21.0
933,64,55,20.8
934,64,54,20.5
935,65,61,20.3
936,65,62,20.5
937,65,50,20.1
938,65,50,20.3
939,66,51,20.5
940,65,50,20.4
941,66,56,20.1
942,65,48,20.1
943,66,51,20.1
944,66,89,20.0
945,66,85,20.3
946,66,82,20.3
947,66,83,20.4
948,66,84,20.0
949,66,86,19.9
950,66,87,19.5
951,67,86,19.7
952,67,86,19.4
953,67,87,19.3
954,66,87,19.4
955,66,87,19.4
956,66,83,20.1
957,67,85,19.8
958,66,86,19.7
959,66,84,20.0
960,67,86,19.8
961,67,87,19.5
962,67,88,19.3
963,67,87,19.5
964,67,52,19.1
965,66,58,19.2
966,67,48,19.2
967,67,89,19.3
968,66,86,19.8
969,66,86,20.1
970,67,88,19.5
971,67,85,19.7
972,67,78,20.2
973,66,76,20.8
974,67,75,21.0
975,67,73,21.1
976,66,74,21.2
977,67,71,21.4
978,66,71,21.5
979,66,69,21.7
980,66,68,22.0
981,66,64,22.7
982,66,57,25.3
983,66,54,26.3
984,66,51,26.9
985,65,47,27.7
986,66,45,28.3
987,66,46,28.3
988,66,44,29.2
989,66,40,29.3
990,66,41,28.8
991,66,40,29.5
992,65,41,29.1
993,65,42,28.5
994,65,39,29.4
995,65,40,28.2
996,65,38,29.1
997,65,37,30.3
998,65,34,30.8
999,64,37,30.6
1000,64,36,30.5
1001,64,36,30.5
1002,64,35,31.0
1003,64,31,31.0
1004,64,31,31.0
1005,64,30,32.0
1006,64,28,32.6
1007,72,28,31.8
1008,72,29,32.0
1009,72,31,31.8
1010,72,31,31.3
1011,72,29,34.4
1012,71,28,33.5
1013,71,31,33.9
1014,71,33,34.2
1015,72,35,33.9
1016,71,34,34.1
1017,72,34,34.0
1018,72,33,34.8
1019,71,35,32.6
1020,71,35,32.9
1021,71,34,34.9
1022,71,35,34.4
1023,71,36,34.6
1024,71,35,34.7
1025,71,38,33.8
1026,71,38,34.7
1027,71,42,31.8
1028,70,43,32.0
1029,70,39,33.1
1030,70,39,33.4
1031,70,38,33.9
1032,70,40,32.7
1033,70,41,32.8
1034,70,44,31.5
1035,70,42,30.7
1036,70,48,30.9
1037,70,47,30.4
1038,70,48,30.8
1039,70,43,33.0
1040,70,41,33.4
1041,70,44,32.8
1042,69,41,33.0
1043,69,43,33.2
1044,69,45,32.7
1045,69,45,31.2
1046,69,42,31.5
1047,68,44,31.4
1048,68,40,33.0
1049,68,40,33.9
1050,68,41,33.1
1051,68,42,32.8
1052,68,40,33.1
1053,68,41,33.4
1054,67,40,32.9
1055,68,44,32.4
1056,67,47,31.3
1057,67,48,31.9
1058,67,48,32.4
1059,67,50,31.5
1060,68,48,32.6
1061,68,48,32.7
1062,68,48,32.6
1063,68,50,31.8
1064,68,48,32.0
1065,67,52,30.6
1066,67,51,31.7
1067,67,52,30.3
1068,67,51,31.2
1069,66,51,31.7
1070,67,53,31.4
1071,66,53,31.5
1072,67,54,31.2
1073,67,59,29.3
1074,67,60,28.9
1075,67,60,28.5
1076,66,60,29.1
1077,67,58,29.4
1078,67,59,28.7
1079,67,60,28.5
1080,67,62,27.9
1081,68,62,27.5
1082,68,62,27.7
1083,68,62,27.7
1084,68,64,27.4
1085,68,66,26.8
1086,68,68,26.3
1087,68,71,26.1
1088,68,71,25.8
1089,68,72,25.7
1090,68,72,25.7
1091,67,72,25.8
1092,67,74,25.5
1093,67,75,25.3
1094,67,74,25.4
1095,67,74,25.2
1096,68,76,25.0
1097,67,76,25.0
1098,68,77,24.9
1099,68,76,24.8
1100,67,77,24.7
1101,67,78,24.6
1102,67,79,24.5
1103,67,81,24.3
1104,67,82,24.3
1105,67,82,24.2
1106,67,83,24.1
1107,67,84,24.0
1108,67,84,23.9
1109,67,85,24.0
1110,66,85,23.9
1111,66,86,23.8
1112,67,86,23.7
1113,67,87,23.7
1114,67,86,23.7
1115,66,87,23.7
1116,67,87,23.6
1117,67,87,23.5
1118,67,86,23.6
1119,66,86,23.5
1120,66,87,23.4
1121,67,87,23.5
1122,66,87,23.4
1123,66,88,23.1
1124,66,88,23.0
1125,66,88,23.1
1126,66,85,23.5
1127,66,85,23.2
1128,66,84,23.3
1129,66,86,23.2
1130,66,86,23.2
1131,66,87,22.8
1132,66,87,22.9
1133,66,88,23.0
1134,66,86,22.9
1135,65,90,22.5
1136,66,90,22.4
1137,66,50,22.3
1138,65,50,22.2
1139,66,54,22.5
1140,66,60,22.3
1141,66,59,22.2
1142,66,89,22.2
1143,66,87,22.7
1144,65,87,22.4
1145,66,87,22.4
1146,65,85,22.4
1147,65,85,22.5
1148,66,84,22.4
1149,65,85,22.4
1150,65,86,22.6
1151,66,87,22.3
1152,66,88,22.4
1153,65,87,22.4
1154,65,87,22.5
1155,65,85,22.6
1156,66,86,22.7
1157,65,86,22.5
1158,65,89,22.2
1159,65,89,21.9
1160,66,89,21.7
1161,65,89,21.7
1162,65,88,21.8
1163,65,89,21.6
1164,65,88,21.5
1165,65,88,21.6
1166,65,85,21.9
1167,65,84,22.0
1168,66,83,22.0
1169,65,83,21.9
1170,65,84,21.4
1171,66,81,21.8
1172,66,78,22.0
1173,65,77,22.2
1174,65,79,21.9
1175,65,82,21.5
1176,66,84,21.5
1177,65,85,21.3
1178,65,86,21.3
1179,66,88,21.3
1180,65,46,21.1
1181,65,57,20.8
1182,65,54,21.1
1183,65,57,20.8
1184,65,50,21.1
1185,65,54,21.1
1186,65,57,21.2
1187,65,46,21.3
1188,66,61,20.7
1189,65,56,21.2
1190,64,48,21.1
1191,65,53,21.2
1192,64,54,21.1
1193,65,64,20.9
1194,64,62,20.7
1195,65,57,20.6
1196,65,64,20.9
1197,64,53,20.9
1198,65,56,20.7
1199,64,57,21.0
1200,64,65,21.3
1201,65,59,21.1
1202,65,69,20.8
1203,65,58,20.9
1204,65,68,20.9
1205,65,66,21.1
1206,65,62,20.9
1207,64,57,21.1
1208,65,57,21.0
1209,65,68,21.1
1210,65,64,21.1
1211,64,66,20.8
1212,64,69,20.8
1213,64,60,20.6
1214,63,67,20.5
1215,63,59,20.6
1216,62,57,20.6
1217,62,57,20.6
1218,61,58,20.4
1219,62,57,20.5
1220,60,58,20.6
1221,62,59,20.7
1222,61,61,20.5
1223,63,67,20.5
1224,60,62,20.6
1225,60,65,20.4
1226,62,61,20.3
1227,61,59,20.3
1228,63,69,20.4
1229,62,70,20.2
1230,62,66,20.3
1231,61,70,20.2
1232,60,66,20.0
1233,61,70,20.5
1234,62,66,20.7
1235,64,62,21.0
1236,64,55,21.1
1237,62,55,21.1
1238,63,55,21.0
1239,64,51,21.0
1240,62,60,20.8
1241,62,57,20.8
1242,64,58,20.5
1243,63,54,20.6
1244,63,60,20.5
1245,62,63,20.6
1246,63,64,20.2
1247,61,56,20.4
1248,62,59,20.3
1249,61,59,20.5
1250,62,54,20.5
1251,63,61,20.4
1252,63,60,20.4
1253,62,64,20.3
1254,63,63,20.2
1255,63,50,20.6
1256,62,60,20.5
1257,62,49,20.5
1258,62,54,20.6
1259,62,59,20.6
1260,62,47,21.2
1261,63,56,21.3
1262,63,51,21.4
1263,63,88,21.5
1264,63,86,21.8
1265,62,85,22.0
1266,64,82,22.4
1267,64,79,22.7
1268,64,71,24.4
1269,63,64,25.9
1270,63,58,26.8
1271,64,55,27.9
1272,64,54,27.9
1273,64,51,28.5
1274,64,50,29.3
1275,64,49,28.7
1276,64,45,29.4
1277,63,44,29.3
1278,63,42,29.5
1279,64,40,29.5
1280,64,39,29.6
1281,64,38,28.8
1282,62,40,27.5
1283,63,37,29.3
1284,63,35,30.1
1285,62,34,30.8
1286,63,33,30.7
1287,62,32,31.0
1288,62,33,31.2
1289,62,32,32.1
1290,63,30,31.6
1291,63,30,31.0
1292,63,29,32.0
1293,63,32,32.3
1294,62,38,32.3
1295,62,35,32.8
1296,63,37,32.1
1297,63,40,31.3
1298,63,38,32.6
1299,63,38,32.4
1300,63,40,32.3
1301,63,47,30.6
1302,63,50,32.4
1303,63,47,33.3
1304,63,48,33.6
1305,63,47,34.1
1306,62,49,33.4
1307,63,48,33.9
1308,63,47,34.3
1309,62,50,32.8
1310,63,49,33.7
1311,63,49,33.3
1312,63,51,33.6
1313,63,51,32.9
1314,63,51,33.9
1315,62,51,32.8
1316,63,50,34.7
1317,63,51,33.6
1318,63,50,34.2
1319,62,50,34.2
1320,63,51,34.4
1321,63,54,33.2
1322,63,59,30.8
1323,63,58,31.1
1324,63,58,30.7
1325,64,56,31.5
1326,63,54,33.1
1327,63,54,33.2
1328,63,54,32.7
1329,63,52,32.8
1330,62,54,32.8
1331,63,56,32.5
1332,63,58,31.9
1333,62,60,31.1
1334,63,57,32.8
1335,62,58,32.2
1336,63,57,32.7
1337,63,60,32.0
1338,63,59,32.3
1339,63,59,32.1
1340,62,60,31.5
1341,62,59,31.7
1342,62,59,32.1
1343,62,58,32.0
1344,62,59,32.4
1345,63,59,31.7
1346,63,61,31.6
1347,63,61,31.5
1348,64,60,32.3
1349,63,66,30.6
1350,63,64,31.0
1351,63,66,30.7
1352,63,65,30.9
1353,63,68,29.9
1354,63,70,29.5
1355,62,74,28.7
1356,62,73,29.6
1357,62,68,30.3
1358,62,68,30.5
1359,62,67,30.3
1360,62,68,30.0
1361,62,70,29.3
1362,62,69,29.6
1363,63,68,29.5
1364,63,73,28.3
1365,63,75,28.1
1366,63,76,28.1
1367,63,75,27.8
1368,64,73,28.3
1369,63,75,27.8
1370,64,73,27.7
1371,64,72,27.3
1372,64,70,27.1
1373,64,71,27.0
1374,63,69,27.0
1375,63,67,27.0
1376,64,63,27.1
1377,64,63,27.0
1378,63,61,26.9
1379,63,59,26.9
1380,63,60,26.9
1381,63,61,26.8
1382,63,60,26.7
1383,63,60,26.5
1384,63,62,26.3
1385,63,62,26.3
1386,63,64,26.2
1387,62,65,26.0
1388,62,66,25.9
1389,63,66,25.8
1390,63,67,25.7
1391,63,68,25.6
1392,62,69,25.5
1393,63,69,25.4
1394,62,70,25.4
1395,62,70,25.4
1396,63,71,25.3
1397,61,71,25.3
1398,61,72,25.2
1399,62,73,25.1
1400,62,74,25.1
1401,61,74,25.1
1402,62,76,25.0
1403,61,77,25.0
1404,61,78,25.0
1405,61,79,24.9
1406,61,79,25.0
1407,61,80,24.9
1408,62,80,24.9
1409,62,81,24.9
1410,60,81,24.9
1411,60,81,24.9
1412,61,82,24.8
1413,62,82,24.8
1414,62,83,24.9
1415,61,83,24.8
1416,60,84,24.8
1417,60,84,24.9
1418,59,83,24.8
1419,60,84,24.7
1420,60,85,24.5
1421,61,87,24.3
1422,59,89,24.1
1423,59,58,24.0
1424,61,59,23.7
1425,59,51,23.5
1426,60,53,23.6
1427,59,60,23.6
1428,60,53,23.5
1429,60,55,23.7
1430,60,52,23.5
1431,60,57,23.5
1432,60,60,23.5
1433,60,63,23.4
1434,60,56,23.6
1435,59,56,23.5
1436,60,56,23.2
1437,60,65,23.2
1438,60,60,23.2
1439,59,62,23.1
1440,60,54,23.2
1441,58,57,23.1
1442,60,57,23.2
1443,60,63,22.7
1444,59,61,22.7
1445,60,50,22.7
1446,60,49,23.0
1447,60,49,23.0
1448,59,47,22.8
1449,58,52,22.8
1450,60,60,22.5
1451,60,59,22.6
1452,58,51,22.6
1453,61,54,22.6
1454,60,54,22.5
1455,59,58,22.3
1456,60,62,22.3
1457,60,58,22.2
1458,61,52,22.5
1459,61,54,22.5
1460,59,65,22.6
1461,59,65,22.3
1462,60,59,22.7
1463,59,54,22.5
1464,59,58,22.4
1465,59,57,22.4
1466,58,60,22.2
1467,58,67,22.1
1468,59,63,22.1
1469,60,66,22.1
1470,60,60,21.9
1471,61,60,21.9
1472,59,60,22.0
1473,61,55,21.8
1474,61,62,21.8
1475,61,59,21.8
1476,61,68,21.7
1477,59,67,21.8
1478,60,59,21.8
1479,61,55,21.7
1480,61,56,21.8
1481,61,62,21.8
1482,60,58,21.8
1483,61,69,21.7
1484,60,63,21.5
1485,60,62,21.7
1486,60,58,22.0
1487,60,68,22.0
1488,59,56,21.8
1489,60,60,22.1
1490,59,55,22.3
1491,61,64,22.1
1492,61,63,22.0
1493,61,58,22.0
1494,61,66,21.9
1495,60,59,22.0
1496,60,66,22.0
1497,61,54,22.1
1498,61,69,21.9
1499,59,60,21.9
1500,59,58,21.7
1501,59,58,22.0
1502,60,64,22.0
1503,59,67,21.9
1504,58,59,21.7
1505,59,68,21.9
1506,58,69,21.6
1507,60,57,21.6
1508,59,57,21.7
1509,58,65,21.4
1510,58,57,21.6
1511,59,56,21.7
1512,58,64,21.4
1513,59,68,21.3
1514,60,66,21.4
1515,58,68,21.3
1516,60,67,21.1
1517,62,67,21.3
1518,61,58,21.2
1519,61,56,21.0
1520,60,64,21.1
1521,61,61,21.2
1522,60,58,21.1
1523,59,60,21.5
1524,59,55,21.7
1525,59,68,21.3
1526,59,56,21.6
1527,60,61,21.5
1528,59,61,21.3
1529,59,62,21.6
1530,58,64,21.4
1531,58,58,21.2
1532,58,68,21.2
1533,59,63,21.3
1534,58,65,21.4
1535,56,61,21.5
1536,56,65,21.3
1537,58,60,21.3
1538,58,66,21.2
1539,58,69,20.9
1540,58,64,20.8
1541,58,60,21.1
1542,58,60,21.2
1543,57,58,21.1
1544,55,55,21.7
1545,56,63,21.8
1546,58,68,21.8
1547,57,63,22.1
1548,56,68,22.2
1549,58,58,22.4
1550,58,61,22.7
1551,60,55,23.0
1552,61,66,23.2
1553,60,67,23.3
1554,60,53,23.7
1555,60,57,25.4
1556,59,54,26.6
1557,59,90,27.8
1558,61,88,28.0
1559,60,86,28.3
1560,61,85,28.6
1561,61,85,28.2
1562,60,84,28.9
1563,60,82,29.3
1564,61,80,29.7
1565,60,82,29.6
1566,60,79,29.8
1567,60,76,30.5
1568,60,80,29.0
1569,59,78,30.0
1570,59,74,31.0
1571,60,71,31.7
1572,59,72,31.0
1573,59,67,32.0
1574,60,68,31.5
1575,59,66,32.5
1576,59,62,33.2
1577,60,63,32.2
1578,59,60,32.7
1579,59,59,33.3
1580,60,61,33.4
1581,58,63,33.5
1582,59,62,34.6
1583,58,69,32.5
1584,60,64,33.9
1585,60,67,33.0
1586,60,70,32.4
1587,60,65,33.8
1588,59,65,33.7
1589,59,65,33.9
1590,59,62,35.1
1591,59,64,33.9
1592,59,64,33.8
1593,59,62,34.6
1594,59,61,34.2
1595,59,60,34.9
1596,60,64,34.0
1597,59,60,35.3
1598,60,61,34.7
1599,60,66,33.6
1600,60,61,34.6
1601,60,60,34.8
1602,60,62,34.7
1603,60,61,34.8
1604,60,67,33.2
1605,61,66,34.0
1606,59,70,32.3
1607,60,68,33.5
1608,60,73,31.2
1609,61,74,30.8
1610,61,73,31.0
1611,61,73,30.9
1612,60,66,32.8
1613,61,67,32.8
1614,60,60,34.4
1615,59,62,34.0
1616,60,60,35.0
1617,60,59,34.4
1618,59,54,34.6
1619,59,54,34.9
1620,59,52,35.9
1621,60,52,36.0
1622,60,53,35.7
1623,60,52,36.0
1624,60,54,35.0
1625,60,54,35.3
1626,60,56,34.4
1627,60,55,35.0
1628,60,56,34.2
1629,60,54,34.2
1630,59,54,34.2
1631,60,54,35.0
1632,61,55,34.4
1633,61,58,34.0
1634,61,58,34.5
1635,61,60,34.0
1636,61,57,34.6
1637,61,60,33.4
1638,61,65,33.3
1639,61,63,32.8
1640,61,67,32.4
1641,60,69,32.0
1642,60,65,33.0
1643,60,64,32.5
1644,60,63,33.1
1645,60,66,31.9
1646,61,68,32.1
1647,59,71,31.3
1648,59,71,32.1
1649,61,67,32.2
1650,61,75,30.7
1651,61,71,31.3
1652,61,71,31.4
1653,61,72,30.8
1654,61,76,30.0
1655,62,75,30.4
1656,61,76,29.5
1657,62,79,29.2
1658,60,86,28.1
1659,65,51,28.9
1660,71,58,28.5
1661,72,58,27.2
1662,72,56,26.7
1663,72,70,26.4
1664,71,64,26.4
1665,71,67,26.1
1666,71,69,26.2
1667,71,57,26.2
1668,71,56,26.3
1669,71,56,26.1
1670,71,58,25.8
1671,71,69,26.0
1672,71,69,25.6
1673,71,67,25.4
1674,71,55,25.4
1675,71,68,25.4
1676,71,60,25.3
1677,71,65,25.2
1678,71,67,25.2
1679,71,57,24.9
1680,71,59,24.8
1681,71,66,24.8
1682,71,69,24.8
1683,71,66,24.7
1684,71,66,24.7
1685,71,67,24.6
1686,71,64,24.5
1687,71,64,24.5
1688,71,58,24.5
1689,71,64,24.5
1690,71,69,24.4
1691,71,68,24.4
1692,72,66,24.4
1693,71,57,24.3
1694,72,56,24.2
1695,71,57,24.2
1696,71,70,24.1
1697,72,55,24.1
1698,71,69,24.1
1699,71,64,24.1
1700,71,67,24.1
1701,71,62,24.1
1702,71,57,24.1
1703,71,62,24.1
1704,71,59,24.1
1705,71,60,24.0
1706,71,62,24.0
1707,72,64,24.0
1708,72,55,24.1
1709,71,57,24.1
1710,71,65,24.1
1711,71,56,24.0
1712,71,55,23.9
1713,71,59,23.8
1714,71,57,23.8
1715,71,67,23.8
1716,72,67,23.8
1717,71,59,23.8
1718,71,57,23.8
1719,71,56,23.7
1720,72,58,23.7
1721,72,68,23.7
1722,71,63,23.5
1723,71,65,23.7
1724,72,58,23.7
1725,72,57,23.7
1726,71,63,23.7
1727,71,56,23.6
1728,72,61,23.5
1729,71,58,23.5
1730,72,61,23.4
1731,72,66,23.7
1732,72,63,23.7
1733,72,56,23.5
1734,72,67,23.5
1735,71,70,23.4
1736,72,66,23.1
1737,72,61,23.3
1738,72,69,23.2
1739,72,56,23.5
1740,72,65,23.7
1741,71,58,23.7
1742,72,60,23.5
1743,72,69,23.2
1744,72,55,23.4
1745,72,57,23.4
1746,72,60,23.2
1747,71,66,23.5
1748,72,59,23.6
1749,72,66,23.5
1750,72,59,23.4
1751,72,64,23.5
1752,72,64,23.5
1753,72,68,23.4
1754,72,68,23.5
1755,72,67,23.3
1756,72,69,23.3
1757,72,67,23.4
1758,72,58,23.4
1759,72,69,23.3
1760,72,64,23.1
1761,72,64,23.1
1762,72,65,22.7
1763,72,55,23.1
1764,71,57,23.1
1765,72,59,23.2
1766,72,60,23.3
1767,72,56,23.2
1768,72,59,23.1
1769,72,68,23.1
1770,72,63,23.1
1771,72,67,23.2
1772,72,65,23.3
1773,72,67,23.2
1774,72,68,23.1
1775,72,63,23.0
1776,72,62,23.1
1777,72,66,22.9
1778,72,57,23.0
1779,72,60,23.0
1780,72,62,23.1
1781,72,57,23.0
1782,72,56,23.0
1783,72,59,23.0
1784,72,62,22.9
1785,72,65,23.0
1786,72,58,23.0
1787,72,66,22.9
1788,72,62,22.9
1789,72,66,22.9
1790,72,55,22.9
1791,72,59,22.7
1792,72,66,22.9
1793,72,56,22.8
1794,72,67,22.8
1795,72,61,22.7
1796,72,69,22.8
1797,72,57,22.8
1798,72,59,22.9
1799,72,60,22.8
1800,72,56,22.7
1801,72,62,22.7
1802,72,64,22.6
1803,72,63,22.6
1804,72,62,22.5
1805,72,64,22.5
1806,72,57,22.5
1807,72,60,22.7
1808,72,61,22.6
1809,72,61,22.5
1810,72,57,22.6
1811,72,58,22.6
1812,72,69,22.5
1813,72,70,22.6
1814,72,61,22.6
1815,72,62,22.7
1816,72,58,22.6
1817,72,65,22.6
1818,72,61,22.7
1819,72,69,22.7
1820,72,69,22.7
1821,72,63,22.6
1822,72,59,22.8
1823,72,56,22.7
1824,72,62,22.6
1825,72,57,22.6
1826,72,61,22.5
1827,72,68,22.7
1828,72,55,22.6
1829,72,66,22.6
1830,72,67,22.6
1831,72,64,22.6
1832,72,69,22.7
1833,72,63,22.8
1834,72,66,22.8
1835,72,57,23.0
1836,72,68,23.0
1837,72,57,23.1
1838,72,70,23.2
1839,72,56,23.3
1840,72,56,23.4
1841,72,64,23.5
1842,72,56,23.6
1843,72,64,23.8
1844,72,56,24.0
1845,72,69,24.8
1846,72,59,24.6
1847,71,58,24.4
1848,72,57,24.6
1849,71,62,24.7
1850,71,67,24.8
1851,71,60,25.7
1852,71,68,26.6
1853,71,62,26.7
1854,71,57,28.4
1855,71,61,28.8
1856,71,56,29.7
1857,71,56,29.0
1858,71,65,28.4
1859,71,69,28.6
1860,71,59,29.1
1861,71,64,30.0
1862,71,61,30.8
1863,70,65,30.2
1864,71,56,31.1
1865,71,63,30.6
1866,71,57,30.2
1867,71,63,30.6
1868,71,51,30.6
1869,71,60,30.6
1870,71,59,29.9
1871,71,60,30.4
1872,71,65,29.6
1873,71,58,30.0
1874,71,62,31.1
1875,71,55,32.1
1876,71,50,32.5
1877,71,61,31.9
1878,71,63,31.8
1879,71,52,31.6
1880,71,49,32.0
1881,70,50,31.4
1882,71,55,32.4
1883,71,89,32.6
1884,71,50,32.4
1885,71,55,33.0
1886,72,61,32.5
1887,72,60,32.7
1888,71,53,32.5
1889,70,51,31.9
1890,70,56,32.7
1891,70,87,33.3
1892,71,85,33.6
1893,70,87,33.0
1894,70,88,32.4
1895,70,50,31.9
1896,70,59,33.3
1897,70,50,32.7
1898,69,55,32.7
1899,70,48,31.9
1900,70,56,31.1
1901,70,50,31.4
1902,70,56,32.2
1903,70,51,32.3
1904,70,50,31.2
1905,70,58,31.9
1906,70,55,32.3
1907,70,47,33.5
1908,69,56,31.9
1909,69,89,33.3
1910,69,87,33.6
1911,70,85,34.2
1912,69,89,33.0
1913,69,90,33.0
1914,70,87,33.0
1915,70,63,25.9
1916,70,63,25.9
1917,70,63,25.9
1918,69,46,32.3
1919,69,52,31.2
1920,69,48,31.6
1921,69,49,32.0
1922,70,85,33.1
1923,70,89,32.3
1924,70,57,30.9
1925,70,48,30.9
1926,70,48,30.6
1927,69,58,30.8
1928,69,54,31.1
1929,69,90,32.0
1930,69,86,32.9
1931,69,85,33.1
1932,70,85,32.5
1933,69,59,31.3
1934,69,48,31.2
1935,69,90,31.6
1936,69,90,31.3
1937,70,56,29.8
1938,70,55,29.5
1939,70,50,28.9
1940,70,63,29.6
1941,71,61,30.1
1942,69,48,29.5
1943,63,46,29.9
1944,63,52,29.3
1945,63,52,28.2
1946,63,61,28.1
1947,63,61,27.6
1948,63,59,27.3
1949,63,62,27.0
1950,63,59,26.9
1951,63,57,27.0
1952,63,54,26.9
1953,63,55,27.0
1954,63,65,27.0
1955,63,54,27.0
1956,63,65,27.0
1957,63,65,27.0
1958,63,61,26.9
1959,63,60,26.8
1960,63,55,26.8
1961,63,64,26.7
1962,63,65,26.8
1963,63,65,26.7
1964,63,54,26.5
1965,63,64,26.5
1966,63,53,26.5
1967,63,67,26.4
1968,63,59,26.4
1969,63,59,26.3
1970,63,67,26.4
1971,63,63,26.3
1972,63,58,26.2
1973,63,69,25.9
1974,63,64,25.9
1975,63,66,25.9
1976,63,65,26.0
1977,63,64,25.8
1978,63,55,25.8
1979,63,68,25.8
1980,63,60,25.7
1981,63,64,25.8
1982,63,62,25.7
1983,63,61,25.6
1984,63,60,25.5
1985,63,55,25.4
1986,63,65,25.4
1987,63,56,25.6
1988,63,60,25.5
1989,63,57,25.5
1990,63,58,25.5
1991,63,66,25.3
1992,63,60,25.1
1993,63,67,25.1
1994,63,60,25.0
1995,63,61,25.0
1996,63,55,25.0
1997,63,60,24.9
1998,63,56,24.8
1999,63,58,25.1
2000,63,56,25.0
2001,63,58,25.0
2002,63,61,24.9
2003,63,56,25.1
2004,63,59,25.2
2005,63,60,25.1
2006,63,61,24.9
2007,63,59,25.4
2008,63,56,25.2
2009,63,55,25.1
2010,63,67,24.7
2011,63,63,24.7
2012,63,62,24.7
2013,63,67,24.5
2014,63,58,24.4
2015,63,65,24.1
2016,63,57,24.2
2017,63,65,24.2
2018,63,55,24.2
2019,63,60,24.2
2020,63,64,24.1
2021,63,69,24.1
2022,63,70,24.3
2023,63,69,24.4
2024,63,57,24.5
2025,63,68,24.7
2026,63,59,24.6
2027,63,58,24.8
2028,63,64,24.7
2029,63,62,24.4
2030,63,65,24.1
2031,63,61,24.0
2032,63,62,23.8
2033,63,61,23.9
2034,63,58,24.0
2035,63,61,24.0
2036,63,57,24.1
2037,63,68,24.0
2038,63,65,24.1
2039,63,62,24.0
2040,63,65,24.1
2041,63,57,24.1
2042,63,64,24.0
2043,63,62,23.9
2044,63,56,23.9
2045,63,58,23.9
2046,63,61,24.0
2047,63,63,23.8
2048,63,59,23.8
2049,63,66,23.9
2050,63,60,23.8
2051,63,59,23.8
2052,63,62,23.7
2053,64,60,23.7
2054,63,63,23.7
2055,63,55,23.8
2056,63,63,23.5
2057,63,70,23.7
2058,64,64,23.5
2059,63,60,23.7
2060,63,66,23.6
2061,63,61,23.7
2062,63,60,23.7
2063,63,61,23.5
2064,63,60,23.3
2065,63,61,23.7
2066,63,58,23.9
2067,63,62,23.8
2068,63,67,23.8
2069,63,61,23.8
2070,63,59,23.8
2071,63,60,23.5
2072,63,66,23.5
2073,63,57,23.4
2074,63,64,23.3
2075,63,66,23.2
2076,63,61,23.4
2077,63,62,23.5
2078,63,55,23.5
2079,63,66,23.3
2080,63,70,23.5
2081,64,55,23.4
2082,63,61,23.1
2083,63,61,23.3
2084,63,62,23.4
2085,63,59,23.4
2086,63,67,23.3
2087,63,62,23.4
2088,64,66,23.3
2089,63,67,23.4
2090,64,67,23.1
2091,63,57,23.0
2092,64,67,23.0
2093,64,63,22.8
2094,64,59,23.0
2095,64,68,23.1
2096,63,69,22.8
2097,63,59,22.8
2098,63,57,23.0
2099,63,66,22.9
2100,63,67,22.9
2101,63,61,23.0
2102,63,64,23.2
2103,63,62,23.3
2104,63,68,23.2
2105,63,58,23.1
2106,63,59,22.9
2107,63,56,22.6
2108,64,62,22.5
2109,64,62,22.0
2110,63,63,22.4
2111,63,57,22.1
2112,64,68,22.1
2113,63,58,22.1
2114,63,69,22.0
2115,63,57,22.4
2116,63,66,22.4
2117,63,63,22.4
2118,63,67,22.6
2119,63,63,22.6
2120,63,66,22.7
2121,63,64,23.2
2122,63,59,23.5
2123,63,60,23.9
2124,63,65,24.2
2125,63,60,24.4
2126,63,67,24.8
2127,63,62,25.0
2128,63,63,26.3
2129,63,58,27.4
2130,63,60,28.0
2131,63,53,28.7
2132,63,60,29.0
2133,63,60,30.2
2134,63,55,30.3
2135,63,60,30.4
2136,63,50,30.8
2137,63,55,30.8
2138,63,88,31.8
2139,63,86,32.3
2140,63,85,32.3
2141,63,83,32.9
2142,63,87,30.7
2143,63,82,32.3
2144,63,78,33.1
2145,63,73,33.7
2146,63,71,33.8
2147,63,70,34.2
2148,63,70,34.8
2149,63,70,34.9
2150,63,68,35.1
2151,63,69,35.3
2152,63,69,35.1
2153,63,68,35.2
2154,63,68,35.1
2155,63,65,36.3
2156,63,65,35.7
2157,63,66,35.1
2158,63,62,36.3
2159,63,60,37.0
2160,63,60,37.0
2161,63,58,37.7
2162,63,57,37.4
2163,63,57,37.9
2164,63,57,37.2
2165,63,57,37.5
2166,63,55,37.6
2167,63,54,38.3
2168,63,56,37.1
2169,63,53,38.1
2170,63,56,38.8
2171,63,63,37.4
2172,63,66,37.3
2173,63,69,36.8
2174,63,73,36.0
2175,63,72,36.1
2176,63,77,35.4
2177,63,81,34.6
2178,63,82,34.9
2179,64,86,33.7
2180,63,84,34.2
2181,63,80,35.0
2182,64,83,33.8
2183,63,86,33.0
2184,64,86,33.3
2185,64,87,33.1
2186,64,80,34.9
2187,64,82,34.3
2188,63,76,35.6
2189,63,74,36.1
2190,63,73,36.5
2191,63,74,35.8
2192,63,70,36.6
2193,63,71,36.3
2194,63,70,36.1
2195,63,73,35.6
2196,63,72,36.0
2197,63,69,36.6
2198,63,75,34.3
2199,63,75,34.7
2200,63,77,33.8
2201,63,76,33.9
2202,63,72,34.5
2203,63,74,33.9
2204,63,72,34.6
2205,63,70,34.8
2206,63,71,34.7
2207,63,66,36.6
2208,63,68,35.9
2209,63,68,36.1
2210,63,67,36.0
2211,63,66,35.8
2212,63,73,35.0
2213,63,70,35.4
2214,63,72,34.3
2215,63,69,35.2
2216,63,70,33.9
2217,63,69,35.0
2218,63,68,35.3
2219,63,67,34.8
2220,63,70,34.0
2221,63,75,33.6
2222,63,77,33.9
2223,63,84,32.3
2224,63,90,31.6
2225,64,89,32.2
2226,64,62,31.1
2227,64,54,31.1
2228,64,61,31.0
2229,65,57,31.0
2230,65,53,30.7
2231,64,58,29.5
2232,64,59,28.5
2233,64,62,28.1
2234,64,58,28.0
2235,64,68,27.8
2236,65,63,27.7
2237,64,58,27.7
2238,64,69,27.5
2239,64,62,27.5
2240,64,64,27.1
2241,64,58,27.0
2242,64,63,27.0
2243,64,67,26.8
2244,65,68,26.8
2245,65,67,26.7
2246,65,56,26.6
2247,65,58,26.6
2248,64,61,26.5
2249,64,69,26.4
2250,64,59,26.1
2251,64,66,26.1
2252,64,65,26.1
2253,64,65,25.9
2254,64,62,25.9
2255,64,67,25.7
2256,64,68,25.7
2257,64,68,25.7
2258,64,60,25.6
2259,64,65,25.7
2260,64,59,25.5
2261,64,67,25.5
2262,64,58,25.5
2263,64,68,25.4
2264,64,56,25.6
2265,64,65,25.5
2266,64,67,25.5
2267,64,66,25.5
2268,64,65,25.4
2269,64,69,25.4
2270,64,57,25.4
2271,64,63,25.3
2272,64,65,25.2
2273,64,62,25.3
2274,64,68,25.2
2275,64,66,25.1
2276,64,62,24.8
2277,64,55,24.9
2278,64,69,24.7
2279,64,67,24.8
2280,64,63,24.8
2281,64,68,24.7
2282,64,62,24.8
2283,64,56,24.7
2284,64,57,24.9
2285,64,58,24.8
2286,64,65,24.9
2287,64,61,25.0
2288,64,60,24.9
2289,64,68,24.8
2290,64,66,24.9
2291,64,66,24.9
2292,64,67,24.9
2293,64,58,24.7
2294,64,55,24.6
2295,64,64,24.3
2296,64,56,24.3
2297,64,67,24.3
2298,64,56,24.3
2299,64,61,24.2
2300,64,65,24.2
2301,64,65,24.3
2302,64,69,24.4
2303,64,55,24.3
2304,64,60,24.6
2305,64,58,24.6
2306,64,58,24.3
2307,64,69,24.4
2308,64,61,24.9
2309,64,61,24.8
2310,64,61,24.7
2311,64,58,24.5
2312,64,61,24.6
2313,64,55,24.4
2314,64,61,24.7
2315,64,62,24.7
2316,64,52,24.6
2317,64,48,25.0
2318,64,56,25.0
2319,64,52,24.9
2320,64,58,24.8
2321,64,57,24.9
2322,64,59,24.6
2323,64,63,24.5
2324,64,67,24.6
2325,64,63,24.5
2326,64,66,24.4
2327,64,65,24.4
2328,64,61,24.2
2329,64,69,24.4
2330,64,62,24.1
2331,64,57,24.3
2332,64,64,24.1
2333,64,63,24.1
2334,64,67,24.2
2335,64,60,23.9
2336,64,55,23.8
2337,64,68,24.2
2338,64,63,24.2
2339,64,67,24.1
2340,64,56,24.1
2341,64,61,24.3
2342,64,56,24.4
2343,64,56,24.1
2344,64,64,24.3
2345,64,56,24.2
2346,64,67,24.1
2347,64,55,24.3
2348,64,61,24.2
2349,64,56,24.0
2350,64,67,24.0
2351,64,67,23.9
2352,64,70,23.6
2353,64,56,23.7
2354,64,64,23.6
2355,64,57,23.4
2356,64,57,23.3
2357,64,55,23.2
2358,64,67,23.4
2359,64,66,23.2
2360,64,66,23.3
2361,64,58,23.5
2362,64,59,23.6
2363,64,61,23.3
2364,64,66,23.3
2365,64,53,23.2
2366,64,67,22.9
2367,64,62,23.1
2368,64,57,23.2
2369,64,66,23.2
2370,64,53,23.5
2371,64,64,23.4
2372,64,63,23.4
2373,64,59,23.5
2374,64,60,23.5
2375,64,66,23.3
2376,64,56,23.3
2377,64,53,23.4
2378,64,57,23.4
2379,64,52,23.4
2380,64,58,23.6
2381,64,66,23.4
2382,64,63,23.4
2383,64,66,23.3
2384,64,62,23.4
2385,64,65,23.2
2386,64,59,23.1
2387,64,59,23.1
2388,64,68,23.4
2389,64,63,23.3
2390,64,68,23.3
2391,64,61,23.2
2392,64,64,23.0
2393,64,69,23.0
2394,64,61,23.2
2395,64,60,23.1
2396,64,67,23.0
2397,64,65,23.0
2398,64,57,22.9
2399,64,66,23.0
2400,64,61,23.0
2401,64,57,23.1
2402,64,62,23.1
2403,64,69,23.1
2404,64,56,23.0
2405,64,69,22.9
2406,64,63,23.1
2407,64,63,23.1
2408,64,60,23.1
2409,64,60,23.2
2410,64,68,23.5
2411,64,62,23.6
2412,64,70,23.9
2413,64,61,24.2
2414,64,69,24.7
2415,64,60,27.5
2416,64,58,28.3
2417,64,87,28.7
2418,64,84,29.6
2419,64,84,30.2
2420,63,85,30.1
2421,63,84,30.8
2422,64,83,30.9
2423,64,81,30.8
2424,64,74,32.1
2425,64,73,32.2
2426,64,71,33.0
2427,63,58,33.4
2428,63,59,30.8
2429,63,58,31.9
2430,67,56,33.2
2431,67,55,34.1
2432,66,55,34.0
2433,65,52,35.3
2434,65,51,34.8
2435,65,52,34.6
2436,64,53,35.1
2437,64,53,35.4
2438,64,55,34.5
2439,64,57,34.3
2440,64,55,36.1
2441,64,55,35.4
2442,64,52,36.6
2443,64,54,34.2
2444,64,53,36.0
2445,64,54,36.2
2446,64,60,34.4
2447,64,58,35.7
2448,64,60,35.4
2449,64,61,34.7
2450,64,64,34.6
2451,64,63,34.9
2452,65,62,35.2
2453,64,64,34.7
2454,64,60,36.1
2455,64,59,36.2
2456,64,61,35.6
2457,64,62,35.3
2458,64,61,34.7
2459,64,64,33.7
2460,64,60,35.0
2461,65,58,35.6
2462,65,58,34.9
2463,66,58,36.7
2464,65,60,36.6
2465,65,62,36.4
2466,66,64,36.0
2467,66,69,34.6
2468,66,71,34.7
2469,66,75,33.0
2470,66,74,32.1
2471,66,68,33.8
2472,66,66,33.6
2473,66,66,33.7
2474,66,70,34.1
2475,66,69,32.8
2476,66,63,33.8
2477,66,63,34.2
2478,65,63,33.6
2479,65,65,33.8
2480,65,67,31.7
2481,65,68,32.0
2482,65,70,32.6
2483,65,67,32.7
2484,64,64,33.3
2485,64,62,32.7
2486,64,61,32.7
2487,64,57,33.1
2488,64,56,33.1
2489,64,56,32.9
2490,64,54,32.2
2491,65,54,32.7
2492,65,56,32.7
2493,65,57,33.1
2494,65,56,32.2
2495,65,59,32.1
2496,64,61,32.0
2497,64,60,32.5
2498,64,61,32.4
2499,64,58,32.7
2500,64,61,31.8
2501,64,60,32.3
2502,64,60,32.5
2503,64,58,32.0
2504,63,58,31.4
2505,63,59,32.2
2506,63,60,31.9
2507,63,59,32.1
2508,64,59,31.4
2509,63,60,30.9
2510,63,61,30.7
2511,64,60,30.6
2512,63,58,30.5
2513,63,59,29.9
2514,63,60,30.3
2515,63,60,30.2
2516,64,60,30.5
2517,64,64,29.6
2518,64,69,28.9
2519,64,68,28.7
2520,64,72,28.5
2521,64,72,28.4
2522,64,71,28.4
2523,64,71,28.4
2524,64,74,28.4
2525,64,73,28.4
2526,64,73,28.2
2527,64,72,28.2
2528,64,69,28.4
2529,64,71,28.5
2530,64,72,28.2
2531,64,75,28.0
2532,64,85,27.7
2533,64,61,27.3
2534,64,59,27.0
2535,64,59,26.9
2536,64,54,26.7
2537,65,49,26.5
2538,65,55,26.2
2539,65,61,26.2
2540,65,62,26.1
2541,64,60,25.9
2542,65,63,25.9
2543,65,58,25.8
2544,65,58,25.7
2545,65,67,25.6
2546,65,69,25.6
2547,65,57,25.6
2548,65,68,25.5
2549,65,55,25.5
2550,65,65,25.3
2551,65,56,25.0
2552,65,65,25.3
2553,65,55,25.3
2554,65,58,25.4
2555,65,67,25.4
2556,65,59,25.4
2557,65,65,25.2
2558,65,68,25.3
2559,64,67,25.1
2560,65,66,25.0
2561,65,62,25.2
2562,64,63,25.0
2563,65,61,25.0
2564,65,62,24.9
2565,65,59,24.9
2566,65,67,24.7
2567,65,65,24.9
2568,65,59,25.0
2569,65,63,24.7
2570,65,61,24.8
2571,65,69,24.6
2572,65,56,24.6
2573,65,66,24.5
2574,65,58,24.4
2575,65,61,24.6
2576,65,58,24.4
2577,65,62,24.3
2578,65,69,24.3
2579,65,57,24.2
2580,65,63,24.1
2581,65,67,24.2
2582,65,69,24.3
2583,65,65,24.2
2584,65,55,24.1
2585,65,64,24.2
2586,65,69,24.0
2587,65,70,23.9
2588,65,61,24.2
2589,64,58,24.1
2590,65,58,24.0
2591,64,66,24.1
2592,64,58,24.2
2593,64,53,24.2
2594,64,55,24.2
2595,64,48,24.2
2596,64,57,24.2
2597,64,88,24.0
2598,64,86,24.3
2599,64,87,23.9
2600,64,90,24.1
2601,64,55,24.2
2602,64,60,24.1
2603,64,62,24.1
2604,64,69,23.7
2605,65,56,23.6
2606,65,68,23.5
2607,65,59,23.5
2608,65,68,23.5
2609,65,60,23.3
2610,66,58,23.3
2611,66,61,23.3
2612,66,68,23.3
2613,66,61,23.3
2614,66,60,23.3
2615,65,61,23.5
2616,65,55,23.4
2617,65,65,23.2
2618,65,64,23.2
2619,65,62,23.2
2620,65,60,23.4
2621,65,61,23.3
2622,65,58,23.4
2623,65,69,23.2
2624,65,60,23.2
2625,65,67,23.1
2626,65,65,23.1
2627,65,68,23.0
2628,65,67,23.0
2629,65,60,22.9
2630,65,65,23.0
2631,65,58,23.0
2632,65,58,23.1
2633,65,63,23.0
2634,65,66,22.9
2635,65,55,23.2
2636,65,67,23.2
2637,65,58,23.2
2638,65,63,22.9
2639,65,67,23.0
2640,65,65,22.6
2641,65,66,22.6
2642,65,56,22.6
2643,64,64,22.7
2644,64,65,22.5
2645,65,55,22.5
2646,65,68,22.7
2647,65,57,22.7
2648,64,66,22.7
2649,65,68,22.9
2650,65,62,22.6
2651,65,66,22.5
2652,65,69,22.3
2653,65,70,22.4
2654,65,67,22.4
2655,65,66,22.4
2656,65,55,22.2
2657,65,69,22.3
2658,65,69,22.1
2659,65,58,22.1
2660,65,60,22.6
2661,65,56,22.4
2662,65,60,22.4
2663,65,68,22.2
2664,65,56,22.4
2665,65,70,22.4
2666,65,67,22.4
2667,65,58,22.3
2668,65,55,22.1
2669,65,61,22.2
2670,65,62,21.9
2671,65,55,21.8
2672,65,60,21.8
2673,65,60,22.0
2674,65,69,22.2
2675,65,61,22.1
2676,65,61,22.0
2677,65,61,22.0
2678,65,56,21.9
2679,65,62,21.8
2680,65,70,21.7
2681,65,62,21.7
2682,65,60,21.7
2683,65,56,21.7
2684,65,64,21.6
2685,65,61,21.4
2686,65,56,21.4
2687,65,68,21.7
2688,65,69,21.6
2689,65,66,21.8
2690,65,63,22.2
2691,65,60,22.4
2692,65,56,22.5
2693,65,61,22.4
2694,65,59,22.6
2695,64,62,23.0
2696,64,66,23.2
2697,64,66,23.3
2698,64,60,23.6
2699,64,65,23.9
2700,64,66,24.2
2701,64,62,26.3
2702,64,53,27.9
2703,64,53,28.4
2704,64,60,29.2
2705,64,89,29.1
2706,64,86,29.3
2707,64,82,30.9
2708,64,79,30.2
2709,64,70,30.1
2710,64,70,30.2
2711,64,66,30.7
2712,63,64,31.6
2713,63,63,32.1
2714,63,61,31.8
2715,63,62,29.9
2716,63,59,32.3
2717,63,57,33.5
2718,63,55,33.0
2719,63,58,33.1
2720,63,59,32.9
2721,63,57,33.3
2722,63,63,25.9
2723,63,63,25.9
2724,63,63,25.9
2725,63,63,25.9
2726,63,63,25.9
2727,63,63,25.9
2728,63,63,25.9
2729,63,63,25.9
2730,63,63,25.9
2731,63,63,25.9
2732,63,63,25.9
2733,63,63,25.9
2734,63,63,25.9
2735,63,63,25.9
2736,63,63,25.9
2737,63,63,25.9
2738,63,63,25.9
2739,63,63,25.9
2740,63,63,25.9
2741,63,63,25.9
2742,63,63,25.9
2743,63,63,25.9
2744,63,63,25.9
2745,63,63,25.9
2746,63,63,25.9
2747,63,63,25.9
2748,63,63,25.9
2749,63,63,25.9
2750,63,63,25.9
2751,63,63,25.9
2752,63,63,25.9
2753,63,63,25.9
2754,63,63,25.9
2755,63,63,25.9
2756,63,63,25.9
2757,63,63,25.9
2758,63,63,25.9
2759,63,63,25.9
2760,63,63,25.9
2761,63,63,25.9
2762,63,63,25.9
2763,63,63,25.9
2764,63,63,25.9
2765,62,63,25.9
2766,62,63,25.9
2767,62,63,25.9
2768,62,63,25.9
2769,62,63,25.9
2770,62,63,25.9
2771,62,63,25.9
2772,62,63,25.9
2773,62,63,25.9
2774,62,63,25.9
2775,62,63,25.9
2776,62,63,25.9
2777,62,63,25.9
2778,62,63,25.9
2779,64,63,25.9
2780,65,76,33.8
2781,64,78,32.8
2782,64,84,31.2
2783,63,83,32.0
2784,63,83,32.3
2785,63,82,32.4
2786,63,80,33.4
2787,63,90,31.2
2788,64,89,31.4
2789,64,86,31.5
2790,63,88,31.3
2791,63,88,31.9
2792,63,86,31.7
2793,63,90,30.9
2794,63,89,30.3
2795,63,89,31.0
2796,63,89,30.8
2797,64,86,30.7
2798,64,57,30.1
2799,64,61,28.7
2800,64,63,28.2
2801,64,54,27.5
2802,64,59,27.5
2803,64,57,27.1
2804,64,55,27.2
2805,64,66,26.8
2806,64,55,26.7
2807,64,58,26.6
2808,64,57,26.5
2809,64,65,26.4
2810,64,56,26.4
2811,64,57,26.4
2812,64,62,26.1
2813,64,66,26.0
2814,64,68,25.9
2815,64,66,25.7
2816,64,70,25.7
2817,64,60,25.6
2818,64,61,25.4
2819,64,61,25.4
2820,64,67,25.3
2821,64,68,25.2
2822,64,56,25.3
2823,64,59,25.0
2824,64,60,25.1
2825,64,64,25.0
2826,64,65,24.9
2827,64,58,24.8
2828,64,67,24.7
2829,64,67,24.6
2830,64,70,24.3
2831,64,57,24.6
2832,64,63,24.5
2833,65,56,24.6
2834,65,60,24.5
2835,64,63,24.7
2836,64,58,24.7
2837,64,58,24.6
2838,64,56,24.5
2839,65,56,24.5
2840,64,58,24.4
2841,64,60,24.4
2842,64,55,24.4
2843,64,58,24.5
2844,64,59,24.6
2845,64,59,24.6
2846,64,58,24.4
2847,64,58,24.4
2848,64,62,24.7
2849,64,68,24.4
2850,64,59,24.2
2851,64,61,24.2
2852,64,65,24.2
2853,65,55,24.1
2854,64,62,24.1
2855,64,68,24.1
2856,65,67,24.2
2857,64,67,24.2
2858,65,68,24.3
2859,64,57,24.2
2860,65,69,24.1
2861,64,63,23.9
2862,65,68,24.1
2863,64,59,23.9
2864,64,68,23.7
2865,64,57,23.8
2866,64,69,23.7
2867,64,63,23.8
2868,64,63,23.8
2869,64,64,23.8
2870,64,57,23.7
2871,64,68,23.6
2872,64,59,23.8
2873,64,68,23.7
2874,64,70,23.7
2875,64,62,23.6
2876,64,59,23.5
2877,64,68,23.6
2878,64,69,23.4
2879,64,68,23.4
2880,65,57,23.6
2881,65,56,23.5
2882,65,69,23.5
2883,65,55,23.8
2884,65,66,23.8
2885,65,57,23.8
2886,65,67,23.9
2887,65,68,23.9
2888,66,65,23.9
2889,66,57,23.8
2890,65,60,23.8
2891,65,58,23.8
2892,65,65,23.8
2893,65,55,24.0
2894,65,59,23.7
2895,65,63,23.9
2896,65,66,23.7
2897,65,65,23.9
2898,65,65,23.9
2899,65,69,23.8
2900,65,69,23.8
2901,65,58,23.8
2902,66,69,23.9
2903,66,62,23.6
2904,66,66,23.6
2905,66,64,23.7
2906,66,57,23.5
2907,66,65,23.5
2908,66,57,23.5
2909,66,68,23.6
2910,65,56,23.5
2911,65,57,23.4
2912,65,55,23.5
2913,65,60,23.5
2914,65,55,23.4
2915,65,61,23.3
2916,65,69,23.3
2917,65,63,23.3
2918,65,58,23.4
2919,65,58,23.3
2920,65,63,23.3
2921,65,60,23.2
2922,65,62,23.3
2923,65,66,23.3
2924,65,67,23.3
2925,65,61,23.1
2926,65,64,23.2
2927,65,66,23.1
2928,65,59,23.1
2929,65,63,23.0
2930,65,57,22.9
2931,65,69,23.0
2932,65,65,23.0
2933,65,58,23.0
2934,65,68,22.8
2935,65,61,23.0
2936,65,62,23.0
2937,65,61,23.0
2938,65,63,22.9
2939,65,66,22.9
2940,65,66,22.8
2941,65,61,22.8
2942,65,69,22.7
2943,65,67,22.7
2944,65,64,22.5
2945,65,61,22.2
2946,65,63,22.1
2947,65,67,22.2
2948,65,59,22.2
2949,65,60,22.1
2950,65,58,22.3
2951,65,68,22.5
2952,65,65,22.5
2953,65,69,22.3
2954,65,65,22.2
2955,65,58,22.5
2956,65,56,22.4
2957,65,62,22.2
2958,65,69,22.1
2959,65,65,22.2
2960,65,66,22.2
2961,65,65,22.3
2962,65,60,22.0
2963,65,63,22.1
2964,65,65,22.0
2965,65,67,22.1
2966,65,63,22.1
2967,65,70,22.2
2968,65,55,22.3
2969,65,60,22.4
2970,65,67,22.5
2971,65,61,22.5
2972,65,67,22.8
2973,65,67,22.7
2974,65,62,23.0
2975,65,57,23.1
2976,65,55,23.3
2977,65,70,23.5
2978,65,64,23.6
2979,65,57,23.9
2980,65,56,23.9
2981,65,69,24.2
2982,65,69,25.2
2983,65,62,26.3
2984,65,67,27.2
2985,65,61,27.8
2986,65,65,27.9
2987,65,62,27.5
2988,65,66,28.7
2989,65,63,28.9
2990,65,62,29.2
2991,65,66,29.8
2992,65,67,29.9
2993,65,67,30.7
2994,65,62,31.2
2995,65,68,31.1
2996,65,61,29.1
2997,65,61,30.0
2998,64,70,30.2
2999,64,68,30.4
3000,65,65,31.2
3001,65,66,30.6
3002,65,58,31.6
3003,65,51,31.9
3004,65,52,33.2
3005,65,57,32.9
3006,65,61,32.1
3007,65,56,31.5
3008,66,90,32.9
3009,66,51,33.3
3010,66,87,33.9
3011,66,57,32.1
3012,66,84,33.6
3013,66,87,33.1
3014,66,84,34.0
3015,66,85,34.2
3016,66,82,34.8
3017,66,79,34.4
3018,66,78,34.5
3019,66,82,33.5
3020,65,81,34.9
3021,65,76,34.7
3022,65,72,35.7
3023,65,70,36.2
3024,65,67,35.2
3025,65,68,36.7
3026,65,66,35.7
3027,65,59,35.0
3028,64,65,35.2
3029,64,57,35.7
3030,64,59,34.1
3031,64,61,35.3
3032,64,61,34.2
3033,64,63,34.4
3034,64,62,34.8
3035,64,59,34.7
3036,64,69,35.2
3037,64,78,33.1
3038,64,63,25.9
3039,64,63,25.9
3040,64,63,25.9
3041,64,63,25.9
3042,64,63,25.9
3043,64,63,25.9
3044,64,63,25.9
3045,64,63,25.9
3046,64,63,25.9
3047,64,63,25.9
3048,64,63,25.9
3049,64,63,25.9
3050,63,63,25.9
3051,64,63,25.9
3052,64,63,25.9
3053,63,63,25.9
3054,63,63,25.9
3055,63,63,25.9
3056,63,63,25.9
3057,63,63,25.9
3058,63,63,25.9
3059,63,63,25.9
3060,63,63,25.9
3061,63,63,25.9
3062,63,63,25.9
3063,63,63,25.9
3064,63,63,25.9
3065,63,63,25.9
3066,63,63,25.9
3067,63,63,25.9
3068,63,63,25.9
3069,63,63,25.9
3070,63,63,25.9
3071,63,86,33.4
3072,63,86,32.9
3073,63,87,33.0
3074,63,51,32.8
3075,63,55,31.7
3076,63,51,32.0
3077,63,55,31.7
3078,62,57,31.7
3079,63,59,31.7
3080,63,66,29.9
3081,63,62,29.9
3082,63,66,29.4
3083,63,56,29.5
3084,63,58,29.4
3085,63,59,28.2
3086,63,63,27.5
3087,63,59,27.7
3088,63,60,27.8
3089,63,57,27.3
3090,63,59,26.9
3091,63,56,26.7
3092,63,66,26.7
3093,63,63,26.2
3094,63,60,26.2
3095,63,63,26.5
3096,63,59,26.4
3097,63,56,26.0
3098,63,60,25.9
3099,63,65,25.9
3100,63,61,25.7
3101,63,65,25.6
3102,63,62,25.4
3103,63,67,25.3
3104,63,56,25.2
3105,63,70,25.1
3106,63,58,25.0
3107,63,56,24.9
3108,63,59,24.9
3109,64,59,24.9
3110,64,56,24.8
3111,63,66,24.7
3112,63,64,24.7
3113,63,67,24.6
3114,63,58,24.5
3115,64,58,24.6
3116,63,64,24.6
3117,63,66,24.7
3118,63,67,24.5
3119,63,68,24.5
3120,63,67,24.3
3121,64,64,24.2
3122,63,55,24.3
3123,63,65,24.4
3124,63,69,24.3
3125,64,66,24.1
3126,64,67,24.2
3127,64,62,24.0
3128,64,62,24.0
3129,64,56,23.9
3130,64,65,24.0
3131,64,55,23.9
3132,64,60,23.9
3133,63,59,24.0
3134,63,60,24.0
3135,63,60,24.0
3136,63,61,24.0
3137,63,69,24.0
3138,64,57,24.0
3139,64,61,23.9
3140,64,64,23.8
3141,64,63,23.9
3142,64,57,23.9
3143,64,62,24.0
3144,63,57,23.8
3145,63,63,23.8
3146,63,64,23.9
3147,64,55,23.9
3148,63,64,24.0
3149,64,57,23.8
3150,63,62,23.7
3151,64,58,23.5
3152,63,60,23.7
3153,63,60,23.7
3154,63,63,23.7
3155,63,63,23.8
3156,63,67,23.7
3157,64,56,23.7
3158,64,62,23.7
3159,64,65,23.6
3160,64,60,23.7
3161,64,63,23.7
3162,64,64,23.5
3163,64,69,23.3
3164,64,62,23.4
3165,64,55,23.5
3166,64,64,23.4
3167,64,64,23.3
3168,64,62,23.4
3169,64,56,23.3
3170,64,66,23.4
3171,64,64,23.4
3172,64,55,23.2
3173,64,70,23.2
3174,64,57,23.4
3175,64,62,23.3
3176,64,65,23.3
3177,64,63,23.3
3178,64,69,23.3
3179,64,68,23.4
3180,64,56,23.3
3181,64,68,23.2
3182,64,66,23.0
3183,64,68,23.0
3184,64,59,23.3
3185,64,56,23.1
3186,64,66,23.0
3187,64,63,22.9
3188,64,69,22.9
3189,64,64,22.9
3190,64,64,22.8
3191,65,61,22.5
3192,65,66,22.5
3193,65,61,22.3
3194,65,68,22.2
3195,64,55,22.2
3196,64,65,22.1
3197,64,59,22.3
3198,64,55,21.9
3199,65,62,21.8
3200,64,58,21.9
3201,65,55,21.9
3202,65,63,21.8
3203,65,65,21.7
3204,65,55,21.7
3205,65,69,22.1
3206,65,56,22.0
3207,64,67,21.9
3208,64,63,22.2
3209,64,55,22.1
3210,64,63,21.9
3211,64,65,21.8
3212,64,64,21.9
3213,64,58,21.4
3214,64,60,21.2
3215,64,58,21.3
3216,64,59,21.4
3217,64,67,21.5
3218,64,62,21.3
3219,64,62,21.2
3220,64,60,21.1
3221,65,60,21.4
3222,64,60,21.3
3223,65,57,21.4
3224,64,68,21.3
3225,64,63,21.2
3226,65,65,21.1
3227,65,59,21.2
3228,65,63,21.0
3229,65,61,21.2
3230,64,62,21.4
3231,65,58,21.0
3232,64,64,21.0
3233,64,58,21.6
3234,64,64,21.3
3235,65,68,21.1
3236,64,66,21.0
3237,64,56,21.3
3238,65,65,21.3
3239,64,67,21.0
3240,64,61,21.0
3241,64,61,21.2
3242,64,56,21.2
3243,64,56,21.3
3244,64,64,21.1
3245,64,65,21.0
3246,64,62,21.0
3247,65,65,20.9
3248,64,66,20.9
3249,64,69,21.1
3250,64,62,21.4
3251,64,66,21.5
3252,64,57,21.6
3253,64,66,21.6
3254,64,57,21.3
3255,64,68,21.6
3256,64,69,21.7
3257,64,68,21.9
3258,64,59,21.9
3259,64,66,21.9
3260,64,56,22.2
3261,64,64,22.3
3262,64,69,22.4
3263,64,63,22.8
3264,64,57,23.1
3265,64,59,23.3
3266,64,58,23.6
3267,64,63,23.7
3268,64,59,24.0
3269,63,59,25.4
3270,63,68,26.6
3271,63,69,27.0
3272,63,56,27.2
3273,63,59,28.3
3274,63,65,28.4
3275,63,67,28.4
3276,63,69,28.9
3277,63,57,29.3
3278,63,66,29.6
3279,63,69,29.1
3280,63,66,28.1
3281,63,65,29.5
3282,63,57,29.1
3283,63,55,28.5
3284,63,61,28.8
3285,62,57,28.0
3286,62,69,29.4
3287,62,63,30.3
3288,62,66,31.2
3289,62,59,31.2
3290,63,65,31.3
3291,62,58,31.9
3292,63,66,32.3
3293,63,67,33.2
3294,62,68,31.5
3295,63,65,32.5
3296,63,59,31.2
3297,62,60,30.3
3298,62,62,30.6
3299,62,59,32.1
3300,63,59,32.0
3301,62,66,32.0
3302,62,59,31.9
3303,62,66,31.1
3304,63,55,32.4
3305,62,51,32.4
3306,62,57,33.6
3307,62,57,31.5
3308,62,60,32.8
3309,62,63,32.1
3310,62,61,31.5
3311,62,55,32.0
3312,62,66,32.3
3313,62,66,32.1
3314,62,68,31.5
3315,62,60,31.0
3316,62,69,30.0
3317,62,68,31.0
3318,62,55,30.7
3319,62,70,30.5
3320,62,57,30.3
3321,62,67,30.7
3322,62,62,30.0
3323,62,60,29.7
3324,62,59,29.0
3325,62,66,29.5
3326,62,68,30.4
3327,62,59,31.0
3328,62,64,30.8
3329,62,69,31.4
3330,62,65,32.6
3331,62,57,32.2
3332,61,57,29.8
3333,61,59,32.3
3334,61,59,31.7
3335,61,56,32.6
3336,61,54,32.8
3337,62,58,31.0
3338,61,57,31.3
3339,61,68,31.8
3340,61,62,31.0
3341,61,68,30.5
3342,61,69,30.1
3343,61,64,31.4
3344,61,60,30.1
3345,61,63,31.0
3346,61,58,32.2
3347,61,57,32.2
3348,61,54,32.7
3349,61,54,33.2
3350,61,64,32.2
3351,61,68,32.9
3352,61,55,33.7
3353,61,54,32.2
3354,61,60,33.2
3355,61,62,31.4
3356,61,56,31.9
3357,61,63,30.1
3358,64,57,29.1
3359,64,56,31.1
3360,64,61,32.1
3361,64,62,30.6
3362,64,67,30.4
3363,63,55,29.8
3364,63,58,30.4
3365,64,65,30.1
3366,64,57,29.5
3367,63,70,28.8
3368,64,65,29.4
3369,64,64,28.9
3370,64,68,26.8
3371,64,64,26.5
3372,64,67,27.0
3373,64,58,27.0
3374,64,60,26.6
3375,64,64,26.6
3376,64,61,26.3
3377,64,63,26.4
3378,64,60,26.3
3379,64,68,26.0
3380,64,66,26.0
3381,64,66,25.9
3382,64,56,25.6
3383,64,64,25.5
3384,64,68,25.5
3385,64,60,25.4
3386,64,60,25.4
3387,64,68,25.1
3388,64,63,25.3
3389,64,57,25.2
3390,64,63,25.0
3391,64,61,24.9
3392,64,61,24.8
3393,64,60,24.6
3394,64,58,24.4
3395,64,57,24.4
3396,64,55,24.4
3397,64,58,24.4
3398,64,64,24.3
3399,64,69,24.4
3400,64,62,24.4
3401,64,66,24.3
3402,64,55,24.3
3403,64,67,24.3
3404,64,66,24.3
3405,64,55,24.2
3406,64,63,24.0
3407,64,66,24.1
3408,64,69,24.1
3409,64,58,23.9
3410,64,65,23.9
3411,64,57,24.1
3412,64,67,24.0
3413,64,58,23.8
3414,64,67,23.9
3415,64,63,23.8
3416,64,60,23.7
3417,64,59,23.5
3418,64,58,23.5
3419,64,56,23.7
3420,64,67,23.7
3421,64,64,23.7
3422,64,60,23.7
3423,64,61,23.7
3424,64,69,23.5
3425,64,60,23.7
3426,64,60,23.6
3427,64,57,23.5
3428,64,60,23.4
3429,64,66,23.3
3430,64,56,23.3
3431,64,62,23.3
3432,65,62,23.3
3433,64,59,23.6
3434,64,66,23.4
3435,64,58,23.7
3436,64,65,23.7
3437,64,57,23.2
3438,64,61,23.2
3439,64,65,23.3
3440,64,64,23.2
3441,64,58,23.1
3442,64,57,23.0
3443,64,69,23.0
3444,64,63,22.7
3445,64,68,22.7
3446,64,68,23.1
3447,64,64,23.0
3448,64,64,22.5
3449,64,69,22.6
3450,64,63,22.6
3451,64,64,22.7
3452,64,58,22.6
3453,64,62,22.5
3454,64,63,22.3
3455,64,66,22.2
3456,64,65,22.2
3457,64,67,22.2
3458,64,57,22.5
3459,64,64,22.3
3460,64,62,22.1
3461,64,68,22.3
3462,65,66,22.4
3463,64,58,22.2
3464,64,69,22.2
3465,64,69,22.4
3466,64,60,22.2
3467,64,67,22.4
3468,64,67,22.3
3469,64,59,22.4
3470,64,59,22.5
3471,65,57,22.3
3472,64,61,22.3
3473,64,59,22.2
3474,64,59,22.0
3475,64,65,22.1
3476,64,56,22.1
3477,64,64,22.1
3478,64,63,22.0
3479,64,59,21.9
3480,64,66,21.9
3481,64,65,22.0
3482,64,57,21.9
3483,64,57,21.8
3484,64,68,21.7
3485,64,60,21.8
3486,64,66,21.7
3487,65,63,21.9
3488,64,64,22.0
3489,64,68,22.3
3490,64,64,22.2
3491,64,57,22.1
3492,64,68,22.0
3493,64,67,22.1
3494,64,56,22.1
3495,64,67,22.0
3496,64,55,22.0
3497,64,67,22.1
3498,64,66,22.0
3499,64,64,22.0
3500,64,66,21.7
3501,64,60,21.6
3502,65,70,21.7
3503,64,66,21.6
3504,64,66,21.7
3505,64,60,21.5
3506,64,68,21.4
3507,64,69,21.3
3508,64,70,21.4
3509,64,64,21.5
3510,64,58,21.5
3511,64,57,21.5
3512,64,60,21.3
3513,65,69,21.6
3514,64,66,21.5
3515,64,67,21.2
3516,64,59,21.5
3517,64,57,21.3
3518,65,66,21.2
3519,64,63,21.4
3520,64,62,21.5
3521,64,58,21.3
3522,64,69,21.3
3523,64,62,21.2
3524,65,65,21.3
3525,64,63,21.6
3526,64,60,21.5
3527,65,66,21.6
3528,64,69,21.6
3529,64,67,21.4
3530,64,55,21.4
3531,64,59,21.4
3532,64,55,21.6
3533,64,69,21.5
3534,64,65,21.6
3535,64,62,21.8
3536,64,61,22.0
3537,64,67,21.9
3538,65,63,22.0
3539,64,66,22.0
3540,64,61,22.2
3541,64,63,22.2
3542,64,59,22.3
3543,64,65,22.4
3544,64,68,22.4
3545,65,64,22.4
3546,64,56,22.5
3547,64,59,22.7
3548,64,64,22.8
3549,64,57,22.9
3550,64,58,23.0
3551,64,66,23.2
3552,64,58,23.4
3553,64,66,23.5
3554,65,59,23.8
3555,64,65,24.9
3556,64,65,25.3
3557,64,69,26.0
3558,64,67,25.6
3559,64,61,25.0
3560,64,63,24.8
3561,65,55,25.9
3562,64,61,26.6
3563,64,69,26.6
3564,64,60,28.7
3565,64,68,29.2
3566,64,69,29.4
3567,65,67,30.2
3568,64,64,30.6
3569,64,59,28.6
3570,64,56,28.9
3571,64,67,28.1
3572,64,69,29.5
3573,65,57,30.4
3574,65,69,30.1
3575,65,64,30.2
3576,65,59,30.1
3577,65,59,30.9
3578,64,56,30.8
3579,64,56,30.8
3580,64,57,30.9
3581,65,52,31.2
3582,64,58,30.6
3583,64,54,32.0
3584,64,65,30.5
3585,64,52,32.2
3586,65,59,32.2
3587,64,55,31.8
3588,64,53,31.4
3589,64,47,32.6
3590,65,56,32.0
3591,65,90,31.8
3592,64,88,31.3
3593,64,84,33.2
3594,64,84,33.1
3595,64,85,32.4
3596,65,85,32.7
3597,64,83,32.1
3598,64,84,33.6
3599,64,84,33.4
3600,65,78,33.1
3601,65,47,32.5
3602,65,64,31.1
3603,65,56,31.9
3604,67,55,32.5
3605,64,63,32.2
3606,64,50,33.2
3607,63,51,34.2
3608,64,61,33.8
3609,64,56,32.8
3610,64,63,31.4
3611,64,62,31.6
3612,64,62,31.0
3613,64,54,32.1
3614,64,61,32.9
3615,64,55,32.3
3616,64,57,32.7
3617,64,60,33.7
3618,64,61,33.7
3619,64,53,32.4
3620,64,54,33.1
3621,64,60,32.1
3622,64,56,34.1
3623,64,60,33.4
3624,64,54,33.0
3625,63,54,34.0
3626,64,59,33.9
3627,64,59,31.6
3628,64,61,31.1
3629,64,56,32.5
3630,64,56,32.5
3631,64,62,32.5
3632,64,58,32.6
3633,64,55,32.8
3634,64,56,32.3
3635,64,60,32.6
3636,64,55,32.2
3637,64,58,32.2
3638,64,56,33.1
3639,64,48,32.6
3640,64,59,31.1
3641,64,59,31.9
3642,64,90,33.2
3643,64,90,32.2
3644,64,49,31.5
3645,64,90,32.0
3646,64,55,31.2
3647,64,56,32.0
3648,64,50,31.1
3649,64,90,30.2
3650,64,86,30.8
3651,64,88,30.0
3652,64,86,31.1
3653,64,87,31.1
3654,64,88,30.5
3655,64,89,30.8
3656,65,89,29.9
3657,64,60,28.4
3658,64,59,27.8
3659,64,53,27.9
3660,64,55,27.7
3661,64,54,27.4
3662,64,90,27.4
3663,64,85,27.3
3664,64,85,27.2
3665,64,87,27.1
3666,64,88,27.0
3667,64,89,26.8
3668,64,89,26.7
3669,64,89,26.5
3670,64,88,26.4
3671,64,88,26.4
3672,65,90,26.2
3673,64,55,26.2
3674,64,53,26.1
3675,64,51,26.0
3676,64,51,25.9
3677,64,60,25.7
3678,65,50,25.6
3679,64,48,25.5
3680,64,51,25.4
3681,64,50,25.4
3682,64,62,25.4
3683,65,57,25.2
3684,64,51,25.1
3685,64,51,25.2
3686,64,63,25.1
3687,65,61,25.0
3688,64,59,25.1
3689,65,61,25.0
3690,65,56,24.9
3691,65,63,24.8
3692,64,55,24.8
3693,64,67,24.9
3694,64,54,24.8
3695,64,64,24.7
3696,64,56,24.8
3697,64,55,24.9
3698,64,62,24.6
3699,64,60,24.7
3700,65,63,24.7
3701,64,59,24.7
3702,64,62,24.6
3703,64,63,24.7
3704,65,58,24.8
3705,64,58,24.7
3706,65,59,24.6
3707,65,59,24.5
3708,64,63,24.6
3709,64,68,24.4
3710,64,65,24.2
3711,64,58,24.3
3712,65,64,24.4
3713,65,66,24.5
3714,64,56,24.3
3715,65,54,24.3
3716,65,63,24.2
3717,65,61,24.2
3718,65,60,24.1
3719,65,67,24.2
3720,65,59,24.1
3721,64,60,23.9
3722,64,62,24.1
3723,65,58,24.2
3724,64,64,24.1
3725,64,68,24.0
3726,64,61,24.0
3727,64,60,23.8
3728,65,67,23.7
3729,65,61,23.7
3730,65,59,23.6
3731,65,58,23.7
3732,64,68,23.6
3733,64,63,23.6
3734,64,57,23.9
3735,64,53,23.5
3736,64,65,23.5
3737,65,56,23.6
3738,64,56,23.5
3739,65,58,23.0
3740,65,57,23.1
3741,65,65,23.0
3742,65,59,22.8
3743,65,68,22.4
3744,65,61,22.4
3745,65,55,22.1
3746,65,66,22.1
3747,65,64,22.0
3748,65,64,22.1
3749,65,64,22.0
3750,65,58,21.9
3751,65,66,22.2
3752,65,64,21.8
3753,65,61,21.9
3754,65,56,22.3
3755,65,70,21.9
3756,65,61,22.0
3757,65,57,22.1
3758,65,57,22.1
3759,64,67,22.3
3760,65,57,22.3
3761,64,66,22.0
3762,65,66,21.8
3763,65,67,21.8
3764,65,57,21.4
3765,65,56,21.2
3766,65,57,21.0
3767,65,59,20.9
3768,65,59,21.0
3769,64,67,20.5
3770,64,58,20.7
3771,65,57,20.7
3772,64,61,20.7
3773,65,65,20.7
3774,64,67,20.7
3775,65,58,20.6
3776,65,63,20.6
3777,65,59,21.0
3778,64,61,20.7
3779,65,63,20.6
3780,65,65,20.9
3781,65,56,20.5
3782,65,69,20.7
3783,65,57,20.5
3784,65,60,20.4
3785,64,59,20.4
3786,65,67,20.8
3787,65,68,20.5
3788,65,61,20.8
3789,64,62,21.0
3790,65,68,20.9
3791,64,67,21.0
3792,64,57,20.9
3793,64,64,20.8
3794,64,57,20.2
3795,65,69,20.4
3796,65,69,20.4
3797,65,55,20.1
3798,65,64,20.0
3799,65,60,20.2
3800,65,63,20.5
3801,64,68,20.2
3802,65,60,20.4
3803,64,63,20.1
3804,65,65,20.1
3805,65,66,19.9
3806,65,59,20.0
3807,64,62,20.3
3808,65,55,20.3
3809,64,59,20.5
3810,65,62,20.4
3811,64,65,20.0
3812,64,64,20.1
3813,65,59,20.0
3814,64,69,20.1
3815,65,57,20.2
3816,65,56,20.3
3817,64,62,20.2
3818,64,68,20.2
3819,64,67,20.1
3820,64,63,20.2
3821,64,70,20.1
3822,64,64,20.2
3823,64,60,20.1
3824,65,64,20.0
3825,65,67,19.8
3826,64,55,19.7
3827,64,61,19.9
3828,64,60,19.9
3829,64,60,20.2
3830,64,63,20.1
3831,64,67,20.4
3832,64,61,20.5
3833,64,65,20.7
3834,64,69,21.1
3835,64,61,21.2
3836,64,64,21.4
3837,64,59,21.9
3838,64,68,22.1
3839,64,62,22.3
3840,64,70,22.4
3841,64,67,22.9
3842,64,55,25.1
3843,64,65,26.4
3844,64,59,27.3
3845,64,58,26.9
3846,64,64,28.1
3847,64,67,28.4
3848,64,53,28.5
3849,64,63,29.1
3850,64,55,29.4
3851,64,59,30.0
3852,64,63,25.9
3853,64,63,25.9
3854,63,63,25.9
3855,64,63,25.9
3856,64,63,25.9
3857,63,63,25.9
3858,63,63,25.9
3859,63,63,25.9
3860,63,63,25.9
3861,63,63,25.9
3862,64,63,25.9
3863,64,63,25.9
3864,64,63,25.9
3865,64,63,25.9
3866,63,63,25.9
3867,63,63,25.9
3868,64,63,25.9
3869,64,63,25.9
3870,63,63,25.9
3871,64,63,25.9
3872,63,63,25.9
3873,64,63,25.9
3874,63,63,25.9
3875,64,63,25.9
3876,63,63,25.9
3877,64,63,25.9
3878,65,63,25.9
3879,64,63,25.9
3880,65,63,25.9
3881,65,63,25.9
3882,65,63,25.9
3883,64,63,25.9
3884,64,63,25.9
3885,64,63,25.9
3886,64,63,25.9
3887,64,63,25.9
3888,65,63,25.9
3889,64,63,25.9
3890,64,63,25.9
3891,65,63,25.9
3892,64,63,25.9
3893,64,63,25.9
3894,64,63,25.9
3895,64,63,25.9
3896,64,63,25.9
3897,64,63,25.9
3898,64,63,25.9
3899,64,63,25.9
3900,64,63,25.9
3901,64,63,25.9
3902,64,63,25.9
3903,64,63,25.9
3904,64,63,25.9
3905,64,63,25.9
3906,64,63,25.9
3907,64,63,25.9
3908,64,63,25.9
3909,64,63,25.9
3910,64,63,25.9
3911,64,63,25.9
3912,64,63,25.9
3913,64,63,25.9
3914,64,63,25.9
3915,64,63,25.9
3916,64,63,25.9
3917,64,63,25.9
3918,64,63,25.9
3919,63,63,25.9
3920,64,63,25.9
3921,64,63,25.9
3922,63,63,25.9
3923,63,63,25.9
3924,64,63,25.9
3925,64,63,25.9
3926,64,63,25.9
3927,64,63,25.9
3928,64,63,25.9
3929,64,63,25.9
3930,64,63,25.9
3931,64,63,25.9
3932,64,63,25.9
3933,63,63,25.9
3934,64,63,25.9
3935,64,63,25.9
3936,64,63,25.9
3937,64,63,25.9
3938,64,63,25.9
3939,64,63,25.9
3940,64,63,25.9
3941,64,63,25.9
3942,64,63,25.9
3943,64,63,25.9
3944,64,63,25.9
3945,65,70,28.6
3946,64,66,28.1
3947,64,56,27.6
3948,65,60,27.7
3949,64,57,27.6
3950,64,61,27.2
3951,64,57,26.9
3952,64,57,26.9
3953,65,62,26.8
3954,65,55,26.9
3955,65,70,26.9
3956,65,64,26.6
3957,65,60,26.6
3958,65,62,26.4
3959,65,69,26.4
3960,65,59,26.2
3961,64,66,26.0
3962,65,68,25.8
3963,65,57,25.6
3964,65,68,25.5
3965,65,67,25.5
3966,65,65,25.4
3967,65,62,25.3
3968,65,58,25.2
3969,65,66,25.2
3970,64,65,25.0
3971,64,63,25.0
3972,64,63,25.1
3973,65,64,25.0
3974,65,57,25.0
3975,65,63,24.9
3976,64,69,24.9
3977,65,65,24.9
3978,65,60,24.8
3979,65,66,24.9
3980,65,64,24.7
3981,65,56,24.8
3982,65,59,24.5
3983,65,68,24.7
3984,64,60,24.6
3985,65,60,24.7
3986,65,68,24.6
3987,64,66,24.6
3988,64,63,24.6
3989,65,62,24.5
3990,65,66,24.5
3991,65,61,24.5
3992,65,67,24.6
3993,65,63,24.6
3994,65,65,24.4
3995,64,62,24.5
3996,64,60,24.3
3997,65,57,24.2
3998,65,65,24.4
3999,64,63,24.5
4000,64,69,24.7
4001,65,66,24.4
4002,65,58,24.4
4003,65,65,24.3
4004,64,63,24.5
4005,65,65,24.6
4006,65,65,24.5
4007,65,64,24.2
4008,64,56,24.1
4009,64,69,24.4
4010,64,61,24.5
4011,64,66,24.4
4012,64,62,24.3
4013,64,69,24.3
4014,64,55,24.2
4015,64,54,24.1
4016,64,62,24.3
4017,64,63,24.4
4018,64,56,24.5
4019,64,57,24.6
4020,65,51,24.6
4021,64,57,24.5
4022,64,53,24.7
4023,64,53,24.5
4024,64,61,24.3
4025,64,61,24.1
4026,64,57,24.1
4027,64,52,23.7
4028,64,64,23.4
4029,64,66,23.2
4030,64,61,23.0
4031,64,61,23.0
4032,64,59,23.3
4033,64,51,23.6
4034,64,62,23.7
4035,64,53,23.6
4036,64,57,23.7
4037,65,63,23.1
4038,65,65,23.1
4039,65,60,22.9
4040,64,62,22.7
4041,65,54,22.6
4042,64,55,23.1
4043,65,56,23.4
4044,65,53,23.2
4045,64,56,23.0
4046,65,59,22.7
4047,64,57,22.4
4048,64,64,22.8
4049,65,61,22.5
4050,65,59,22.2
4051,65,57,22.2
4052,64,66,22.5
4053,65,62,22.3
4054,64,69,22.3
4055,64,66,22.2
4056,64,62,22.1
4057,64,57,21.9
4058,64,68,22.3
4059,64,57,22.3
4060,64,64,22.0
4061,64,67,21.9
4062,64,57,21.7
4063,64,60,21.8
4064,64,58,21.7
4065,64,57,21.8
4066,65,55,21.8
4067,65,68,21.9
4068,65,56,21.6
4069,65,68,21.6
4070,65,66,21.7
4071,65,66,21.8
4072,65,62,21.7
4073,64,65,21.7
4074,64,62,21.4
4075,64,57,21.4
4076,64,67,21.7
4077,64,60,21.4
4078,64,63,21.5
4079,64,55,21.6
4080,64,60,21.8
4081,64,59,21.7
4082,64,58,21.6
4083,65,67,21.6
4084,64,62,21.5
4085,65,57,21.5
4086,65,55,21.4
4087,65,59,21.6
4088,65,56,22.0
4089,65,63,22.2
4090,65,59,21.9
4091,65,62,21.7
4092,65,67,21.4
4093,65,55,21.5
4094,65,68,21.5
4095,65,66,21.9
4096,65,69,21.9
4097,65,63,21.9
4098,65,56,21.6
4099,65,69,21.9
4100,64,57,22.0
4101,65,55,21.6
4102,64,67,21.3
4103,64,59,21.2
4104,64,60,21.4
4105,65,70,21.5
4106,65,68,21.5
4107,65,66,21.6
4108,64,69,21.3
4109,64,67,21.3
4110,65,65,21.3
4111,65,67,21.3
4112,64,64,21.4
4113,65,59,21.3
4114,65,60,21.4
4115,64,56,21.3
4116,65,56,21.3
4117,64,63,21.5
4118,64,64,21.5
4119,64,58,21.8
4120,64,60,22.0
4121,64,58,22.2
4122,65,62,22.3
4123,65,63,22.6
4124,65,69,22.8
4125,64,63,23.0
4126,65,57,23.3
4127,64,68,23.6
4128,65,57,24.8
4129,64,62,26.0
4130,64,55,27.2
4131,64,69,27.5
4132,64,65,28.3
4133,64,68,28.4
4134,64,62,28.8
4135,64,62,29.5
4136,64,69,29.2
4137,64,57,29.9
4138,64,56,29.9
4139,64,57,30.4
4140,64,70,30.7
4141,64,59,30.6
4142,64,59,28.6
4143,63,58,30.7
4144,64,61,31.3
4145,63,66,31.0
4146,64,57,32.2
4147,64,63,32.3
4148,63,63,32.3
4149,63,55,33.1
4150,64,59,32.9
4151,63,56,33.1
4152,64,52,33.8
4153,64,52,33.2
4154,63,57,33.6
4155,63,86,34.2
4156,63,84,34.2
4157,63,86,33.0
4158,64,81,35.3
4159,63,77,34.1
4160,63,75,35.2
4161,64,83,35.4
4162,64,52,33.3
4163,63,51,33.6
4164,63,55,33.8
4165,63,50,34.3
4166,64,46,34.7
4167,63,52,33.2
4168,63,55,33.5
4169,63,52,34.2
4170,65,55,34.3
4171,65,53,33.3
4172,65,59,33.8
4173,65,60,33.5
4174,65,56,32.1
4175,64,58,33.3
4176,64,48,33.1
4177,64,56,34.1
4178,64,52,34.0
4179,64,64,33.5
4180,64,52,33.7
4181,64,61,33.5
4182,64,59,32.9
4183,64,67,31.3
4184,64,55,31.6
4185,64,63,31.2
4186,64,55,33.3
4187,64,55,34.4
4188,64,52,34.9
4189,63,57,34.9
4190,63,88,34.0
4191,64,86,34.4
4192,63,90,35.1
4193,63,87,36.7
4194,63,85,36.1
4195,63,82,36.5
4196,63,87,36.0
4197,63,90,36.3
4198,63,54,34.4
4199,63,52,35.4
4200,63,60,35.8
4201,63,63,34.8
4202,63,63,35.6
4203,63,53,34.4
4204,63,57,35.4
4205,63,58,34.8
4206,63,56,35.5
4207,63,59,35.1
4208,63,58,35.2
4209,63,58,33.3
4210,63,61,32.0
4211,64,68,31.8
4212,63,57,31.6
4213,63,68,31.4
4214,63,70,31.4
4215,63,67,31.9
4216,63,56,31.3
4217,63,62,30.9
4218,63,68,30.7
4219,63,64,32.1
4220,63,69,31.3
4221,63,70,31.7
4222,63,62,32.0
4223,63,66,32.3
4224,64,67,32.4
4225,63,65,30.4
4226,63,61,31.3
4227,64,59,31.2
4228,63,63,30.3
4229,64,66,30.4
4230,65,58,29.7
4231,64,57,28.5
4232,64,69,27.9
4233,64,58,27.5
4234,64,57,27.4
4235,64,57,27.4
4236,64,56,27.5
4237,64,56,27.2
4238,64,68,27.4
4239,64,62,27.3
4240,64,57,27.1
4241,64,67,27.0
4242,64,56,26.9
4243,64,59,26.7
4244,64,60,26.6
4245,64,65,26.5
4246,64,68,26.3
4247,64,70,26.2
4248,64,69,26.2
4249,64,68,26.1
4250,64,61,25.9
4251,64,59,25.8
4252,64,58,25.6
4253,64,66,25.7
4254,64,65,25.4
4255,64,59,25.3
4256,64,68,25.4
4257,64,65,25.3
4258,64,61,25.2
4259,64,60,25.0
4260,64,63,25.1
4261,64,68,25.0
4262,64,69,25.0
4263,64,61,24.9
4264,64,64,24.9
4265,64,59,24.9
4266,64,62,24.8
4267,64,67,24.7
4268,64,65,24.8
4269,64,57,24.8
4270,64,60,24.7
4271,64,60,24.6
4272,64,67,24.6
4273,64,55,24.5
4274,64,69,24.5
4275,64,63,24.5
4276,64,67,24.3
4277,64,62,24.4
4278,64,56,24.5
4279,64,61,24.4
4280,64,62,24.3
4281,64,56,24.4
4282,64,66,24.3
4283,64,68,24.2
4284,64,70,24.2
4285,64,56,24.3
4286,64,67,24.3
4287,64,61,24.3
4288,64,59,24.2
4289,64,64,24.3
4290,64,59,24.2
4291,64,57,24.4
4292,64,65,24.2
4293,64,55,24.2
4294,64,70,24.2
4295,64,57,24.0
4296,64,63,24.2
4297,64,62,24.1
4298,64,56,24.3
4299,64,67,24.3
4300,64,64,24.2
4301,64,69,24.3
4302,64,68,24.2
4303,64,63,24.4
4304,64,63,24.6
4305,64,69,24.5
4306,64,60,24.4
4307,64,62,24.4
4308,64,62,24.3
4309,64,61,24.3
4310,64,66,24.3
4311,64,68,24.2
4312,64,55,24.1
4313,64,59,24.2
4314,64,69,24.2
4315,64,63,24.2
4316,64,64,24.2
4317,64,68,24.2
4318,64,65,24.4
4319,64,59,24.3
4320,64,55,24.2
4321,64,60,24.1
4322,64,69,24.1
4323,64,70,24.0
4324,64,61,23.9
4325,64,66,23.9
4326,64,67,23.9
4327,64,55,23.9
4328,64,65,23.9
4329,64,59,23.8
4330,64,56,23.9
4331,64,61,23.8
4332,64,62,23.8
4333,64,65,23.8
4334,64,61,23.6
4335,64,60,23.7
4336,64,58,23.6
4337,64,60,23.5
4338,64,60,23.7
4339,64,62,23.5
4340,64,58,23.5
4341,64,61,23.5
4342,64,63,23.6
4343,64,57,23.5
4344,64,58,23.5
4345,64,60,23.4
4346,64,58,23.4
4347,64,62,23.3
4348,64,57,23.5
4349,64,67,23.5
4350,64,61,23.7
4351,64,61,23.5
4352,64,56,23.4
4353,64,57,23.3
4354,64,56,23.3
4355,64,58,23.2
4356,64,67,23.1
4357,64,67,23.0
4358,64,59,23.1
4359,64,57,23.2
4360,64,67,23.0
4361,64,60,23.0
4362,64,68,23.0
4363,64,68,22.6
4364,64,68,22.6
4365,64,62,22.6
4366,64,69,22.8
4367,64,61,22.8
4368,64,57,23.0
4369,64,56,23.0
4370,64,63,22.9
4371,64,57,23.0
4372,64,57,23.0
4373,64,60,23.0
4374,64,59,23.1
4375,64,57,23.1
4376,64,65,22.9
4377,64,69,23.0
4378,64,65,23.0
4379,64,69,23.1
4380,64,58,23.0
4381,64,69,22.9
4382,64,65,22.7
4383,64,64,22.6
4384,64,58,22.7
4385,64,60,22.5
4386,64,65,22.5
4387,64,63,22.5
4388,64,64,22.5
4389,64,64,22.6
4390,64,65,22.4
4391,64,69,22.3
4392,64,56,22.1
4393,64,58,22.3
4394,64,63,22.2
4395,64,68,22.2
4396,64,66,22.2
4397,64,63,22.3
4398,64,66,22.2
4399,64,65,22.3
4400,64,55,22.3
4401,64,62,22.4
4402,64,58,22.3
4403,64,61,22.5
4404,64,59,22.4
4405,64,61,22.7
4406,64,67,22.8
4407,63,66,23.1
4408,63,64,23.2
4409,64,67,23.4
4410,64,59,23.5
4411,64,55,23.6
4412,64,57,23.8
4413,64,65,24.0
4414,64,69,24.4
4415,63,60,26.2
4416,63,61,27.5
4417,64,61,28.2
4418,64,63,28.1
4419,64,59,28.2
4420,64,68,28.2
4421,63,69,28.4
4422,64,57,28.1
4423,64,66,27.2
4424,64,55,26.7
4425,64,69,27.4
4426,64,68,26.1
4427,64,67,26.9
4428,63,67,27.9
4429,64,65,28.3
4430,64,67,27.1
4431,64,61,26.8
4432,64,67,26.4
4433,64,66,26.1
4434,63,56,26.8
4435,63,61,30.7
4436,63,70,31.5
4437,63,66,32.4
4438,63,60,33.5
4439,63,68,34.1
4440,63,66,34.5
4441,64,65,32.3
4442,63,57,30.0
4443,64,59,30.2
4444,63,68,30.6
4445,63,57,32.9
4446,63,70,33.5
4447,64,68,33.5
4448,63,65,33.0
4449,64,62,33.5
4450,63,67,33.5
4451,63,57,34.1
4452,63,58,33.5
4453,64,53,34.5
4454,64,58,32.8
4455,64,63,34.5
4456,63,51,34.5
4457,63,67,33.8
4458,63,65,33.6
4459,63,64,32.6
4460,63,57,32.0
4461,63,61,32.5
4462,63,61,32.6
4463,63,60,32.7
4464,63,63,32.7
4465,63,55,34.3
4466,63,62,33.8
4467,63,68,33.5
4468,63,68,32.3
4469,63,68,30.8
4470,63,66,29.8
4471,63,60,29.9
4472,64,66,31.1
4473,63,59,31.5
4474,64,58,30.5
4475,64,65,30.8
4476,64,68,30.7
4477,63,61,31.4
4478,63,69,33.4
4479,63,57,30.9
4480,63,69,31.9
4481,63,55,32.3
4482,63,68,31.8
4483,63,62,32.7
4484,63,65,33.8
4485,63,57,33.2
4486,63,65,32.6
4487,63,63,32.5
4488,63,66,33.6
4489,63,55,33.6
4490,63,65,33.5
4491,63,58,34.5
4492,63,66,33.6
4493,63,57,33.0
4494,63,63,32.4
4495,63,63,32.4
4496,63,59,31.1
4497,63,65,32.8
4498,63,67,33.3
4499,63,60,32.6
4500,63,62,32.8
4501,63,60,32.0
4502,63,60,32.8
4503,63,62,33.0
4504,63,65,31.7
4505,63,55,32.1
4506,63,70,31.8
4507,63,55,30.8
4508,63,66,31.6
4509,63,60,31.7
4510,63,61,32.0
4511,63,68,32.0
4512,63,63,30.9
4513,63,60,30.7
4514,63,67,30.8
4515,63,61,30.3
4516,64,60,30.1
4517,64,70,28.0
4518,64,69,27.7
4519,64,57,27.4
4520,64,57,27.2
4521,63,60,27.1
4522,64,59,27.0
4523,63,65,26.9
4524,63,56,26.7
4525,63,63,26.6
4526,63,69,26.7
4527,64,56,26.6
4528,63,67,26.5
4529,63,56,26.2
4530,63,68,26.3
4531,64,59,26.2
4532,63,55,26.0
4533,63,65,26.0
4534,63,57,25.9
4535,63,56,25.8
4536,63,68,25.6
4537,63,69,25.5
4538,63,56,25.5
4539,64,67,25.4
4540,63,61,25.2
4541,63,70,25.2
4542,63,61,25.2
4543,63,64,25.0
4544,63,68,25.1
4545,63,66,25.0
4546,63,68,25.0
4547,63,65,24.9
4548,63,62,25.0
4549,63,57,25.0
4550,63,68,24.9
4551,63,57,24.9
4552,63,67,25.0
4553,63,58,24.9
4554,63,69,24.9
4555,63,59,24.9
4556,63,56,24.7
4557,63,60,24.8
4558,63,56,24.8
4559,63,64,24.7
4560,63,62,24.7
4561,63,64,24.6
4562,63,67,24.7
4563,63,68,24.5
4564,63,59,24.5
4565,63,59,24.4
4566,63,65,24.4
4567,63,69,24.5
4568,63,63,24.6
4569,63,57,24.5
4570,63,63,24.5
4571,63,67,24.4
4572,63,66,24.3
4573,63,61,24.4
4574,63,64,24.2
4575,63,62,24.5
4576,63,62,24.3
4577,63,63,24.2
4578,63,59,24.1
4579,63,67,24.0
4580,63,68,23.9
4581,63,67,23.9
4582,63,59,23.9
4583,63,67,23.8
4584,63,69,23.8
4585,63,57,23.8
4586,63,56,23.7
4587,62,61,23.6
4588,63,60,23.6
4589,63,63,23.7
4590,63,67,23.6
4591,63,59,23.5
4592,62,64,23.6
4593,63,61,23.6
4594,63,61,23.4
4595,63,57,23.4
4596,62,68,23.5
4597,63,66,23.9
4598,63,62,23.7
4599,63,65,23.4
4600,63,69,23.5
4601,63,59,23.5
4602,63,67,23.4
4603,63,64,23.5
4604,62,63,23.6
4605,63,57,23.6
4606,62,56,23.8
4607,63,62,23.6
4608,63,63,23.6
4609,62,65,23.5
4610,63,60,23.4
4611,62,58,23.3
4612,63,68,23.5
4613,62,55,23.2
4614,62,63,23.3
4615,62,66,23.2
4616,63,63,23.1
4617,62,60,23.3
4618,62,56,23.2
4619,62,59,23.3
4620,62,67,23.1
4621,62,62,23.3
4622,62,56,23.3
4623,62,63,23.4
4624,62,63,23.3
4625,62,67,23.4
4626,62,68,23.3
4627,62,55,23.4
4628,62,60,23.4
4629,62,65,23.4
4630,62,70,23.5
4631,62,61,23.4
4632,62,60,23.3
4633,62,63,23.5
4634,62,65,23.5
4635,62,59,23.5
4636,62,60,23.5
4637,62,62,23.5
4638,62,61,23.5
4639,62,64,23.4
4640,62,64,23.5
4641,62,55,23.6
4642,62,60,23.7
4643,62,66,23.5
4644,62,64,23.4
4645,61,56,23.1
4646,61,67,23.2
4647,62,58,23.2
4648,62,61,23.5
4649,62,56,23.8
4650,62,64,23.8
4651,62,66,23.9
4652,62,67,23.8
4653,62,69,23.7
4654,62,58,23.4
4655,63,66,23.4
4656,62,61,23.2
4657,63,56,23.2
4658,62,63,23.3
4659,62,62,23.2
4660,62,65,23.0
4661,63,61,23.0
4662,63,57,23.1
4663,62,66,23.1
4664,63,58,23.2
4665,62,60,23.4
4666,62,55,23.3
4667,62,65,23.3
4668,62,63,23.3
4669,63,58,23.6
4670,62,67,23.7
4671,62,57,23.5
4672,63,68,23.3
4673,63,62,23.3
4674,62,67,23.3
4675,62,60,23.2
4676,63,56,23.1
4677,63,66,23.0
4678,62,59,22.9
4679,62,65,22.8
4680,62,56,22.8
4681,61,68,23.1
4682,62,66,23.2
4683,62,64,23.0
4684,61,70,22.9
4685,61,55,23.0
4686,61,58,23.0
4687,61,68,23.1
4688,60,61,23.3
4689,60,62,23.4
4690,61,61,23.4
4691,61,63,23.4
4692,61,62,23.6
4693,61,68,23.8
4694,61,57,23.9
4695,61,56,23.9
4696,61,64,24.3
4697,61,65,24.6
4698,61,65,24.8
4699,61,60,24.7
4700,61,68,25.0
4701,61,59,25.4
4702,61,55,27.6
4703,62,59,27.4
4704,62,65,26.3
4705,62,62,26.8
4706,62,60,28.7
4707,62,56,27.1
4708,62,56,26.7
4709,63,67,26.7
4710,62,68,26.2
4711,63,70,26.2
4712,63,70,25.9
4713,63,58,25.5
4714,63,63,25.3
4715,63,66,26.4
4716,62,57,26.8
4717,63,68,28.1
4718,63,67,27.8
4719,63,63,26.7
4720,63,65,26.2
4721,65,65,26.3
4722,65,67,27.6
4723,64,70,29.9
4724,64,65,32.1
4725,64,58,32.0
4726,64,55,32.1
4727,64,65,32.2
4728,64,62,32.2
4729,64,68,31.7
4730,64,70,32.2
4731,64,57,32.5
4732,64,59,33.1
4733,64,65,33.5
4734,64,64,34.1
4735,64,64,34.0
4736,64,64,33.7
4737,64,61,34.8
4738,64,66,33.9
4739,64,62,34.1
4740,64,55,34.0
4741,64,70,33.1
4742,64,59,33.4
4743,64,61,33.8
4744,64,66,33.4
4745,64,65,32.3
4746,64,64,32.1
4747,64,58,32.5
4748,64,62,32.9
4749,64,63,32.7
4750,64,64,33.3
4751,64,64,33.3
4752,64,57,33.1
4753,64,68,31.9
4754,64,65,31.5
4755,64,63,32.1
4756,64,68,30.2
4757,64,61,31.4
4758,64,63,25.9
4759,64,66,30.2
4760,64,64,30.6
4761,64,56,30.9
4762,64,60,31.0
4763,64,58,30.4
4764,64,63,25.9
4765,64,68,31.0
4766,64,62,31.5
4767,64,66,30.4
4768,64,63,32.5
4769,64,63,29.9
4770,64,63,32.0
4771,64,59,30.4
4772,64,56,30.5
4773,64,63,25.9
4774,64,68,31.4
4775,64,67,32.5
4776,64,69,32.8
4777,64,61,32.7
4778,64,64,32.9
4779,64,66,31.7
4780,64,56,32.3
4781,64,64,33.4
4782,64,60,31.8
4783,64,64,32.2
4784,64,65,32.6
4785,64,63,32.3
4786,64,60,32.3
4787,64,70,31.3
4788,64,67,31.3
4789,64,63,31.3
4790,64,65,31.7
4791,64,65,31.1
4792,64,64,31.2
4793,64,65,30.6
4794,64,56,31.6
4795,64,63,25.9
4796,64,63,30.0
4797,64,64,30.2
4798,64,59,29.5
4799,64,56,29.5
4800,64,65,28.8
4801,64,57,29.3
4802,64,57,29.8
4803,65,62,30.0
4804,65,64,28.4
4805,64,56,28.4
4806,65,56,27.7
4807,65,58,27.7
4808,65,69,28.0
4809,65,69,27.1
4810,65,61,27.2
4811,65,60,26.6
4812,65,69,27.0
4813,65,57,26.8
4814,65,69,26.7
4815,65,69,26.9
4816,65,70,26.6
4817,65,65,26.5
4818,65,56,26.4
4819,65,70,26.3
4820,65,60,26.4
4821,65,59,26.2
4822,65,64,25.8
4823,65,64,25.7
4824,65,66,25.5
4825,65,56,25.4
4826,65,58,25.3
4827,65,68,25.2
4828,66,61,25.3
4829,66,67,25.2
4830,66,61,25.2
4831,66,61,25.2
4832,65,64,25.1
4833,66,60,25.0
4834,65,62,24.9
4835,65,62,24.9
4836,66,65,24.9
4837,66,62,24.8
4838,65,55,24.8
4839,66,63,24.7
4840,66,67,24.7
4841,66,65,24.6
4842,65,64,24.6
4843,65,65,24.5
4844,65,69,24.5
4845,65,63,24.4
4846,66,63,24.3
4847,66,61,24.4
4848,65,63,24.3
4849,66,57,24.3
4850,66,63,24.2
4851,66,57,24.3
4852,66,69,24.2
4853,65,58,24.2
4854,66,69,24.2
4855,66,60,24.2
4856,66,59,24.3
4857,65,68,24.2
4858,65,69,24.3
4859,66,57,24.2
4860,65,55,24.1
4861,65,57,24.2
4862,66,69,24.1
4863,65,68,24.2
4864,65,60,24.1
4865,66,70,24.1
4866,65,65,23.9
4867,65,60,24.1
4868,65,64,24.0
4869,65,61,23.9
4870,65,58,24.0
4871,65,68,23.9
4872,65,63,23.9
4873,65,60,23.7
4874,65,57,23.7
4875,65,68,23.6
4876,65,57,23.6
4877,65,59,23.7
4878,65,70,23.6
4879,65,69,23.5
4880,65,70,23.4
4881,65,62,23.5
4882,65,64,23.6
4883,65,59,23.5
4884,65,60,23.4
4885,65,65,23.5
4886,65,67,23.4
4887,65,63,23.3
4888,65,63,23.2
4889,65,57,23.2
4890,65,67,23.1
4891,65,58,23.3
4892,65,65,23.1
4893,65,62,23.0
4894,65,62,23.2
4895,65,69,23.2
4896,65,61,23.2
4897,65,60,23.3
4898,65,61,23.3
4899,64,63,23.3
4900,64,59,23.2
4901,64,61,23.2
4902,64,61,23.3
4903,64,56,23.0
4904,64,67,23.1
4905,65,62,23.1
4906,65,64,23.1
4907,64,56,23.1
4908,64,56,23.1
4909,64,57,23.2
4910,64,59,23.1
4911,64,59,23.3
4912,64,64,23.2
4913,64,65,23.5
4914,64,56,23.5
4915,63,61,23.4
4916,64,64,23.4
4917,63,55,23.5
4918,64,64,23.6
4919,63,61,23.5
4920,63,55,23.5
4921,64,67,23.5
4922,63,70,23.4
4923,63,63,23.4
4924,63,63,23.5
4925,64,58,23.7
4926,64,65,23.6
4927,64,68,23.7
4928,64,56,23.6
4929,64,65,23.8
4930,64,59,23.8
4931,64,62,23.8
4932,63,61,23.8
4933,63,59,23.8
4934,63,66,23.9
4935,64,65,24.0
4936,64,58,24.1
4937,64,64,24.0
4938,64,65,23.9
4939,64,69,23.7
4940,64,59,23.8
4941,64,59,23.8
4942,64,68,23.9
4943,64,70,23.7
4944,64,65,23.6
4945,64,63,23.4
4946,64,65,23.4
4947,64,57,23.3
4948,64,66,23.5
4949,64,62,23.5
4950,64,61,23.6
4951,64,67,23.5
4952,64,60,23.4
4953,64,59,23.6
4954,64,55,23.6
4955,64,60,23.4
4956,64,57,23.5
4957,64,64,23.5
4958,64,67,23.4
4959,64,68,23.4
4960,64,60,23.4
4961,64,55,23.2
4962,64,70,23.0
4963,64,67,23.1
4964,64,65,23.1
4965,64,56,23.1
4966,64,61,23.3
4967,64,61,23.3
4968,64,57,23.2
4969,64,63,23.3
4970,64,59,23.2
4971,64,59,23.3
4972,64,67,23.1
4973,64,65,23.1
4974,64,63,23.0
4975,64,60,23.1
4976,64,67,23.2
4977,64,61,23.3
4978,64,63,23.5
4979,64,60,23.6
4980,64,57,23.9
4981,64,68,24.1
4982,64,60,24.3
4983,64,64,24.6
4984,64,58,24.7
4985,64,61,24.9
4986,64,60,25.4
4987,64,57,25.7
4988,63,69,26.8
4989,64,62,28.9
4990,64,63,25.9
4991,64,69,26.6
4992,63,56,26.5
4993,63,57,28.0
4994,63,68,26.5
4995,64,58,29.7
4996,64,64,28.2
4997,64,69,27.2
4998,64,64,26.4
4999,64,60,26.1
5000,64,59,26.2
5001,64,63,26.4
5002,63,56,28.6
5003,64,58,30.7
5004,64,63,31.3
5005,63,58,31.2
5006,64,59,31.3
5007,63,56,31.3
5008,64,62,28.9
5009,64,63,25.9
5010,63,63,25.9
5011,64,63,25.9
5012,64,63,25.9
5013,64,63,25.9
5014,64,63,25.9
5015,64,62,31.9
5016,63,62,31.6
5017,63,64,33.3
5018,63,63,25.9
5019,64,63,25.9
5020,63,63,25.9
5021,63,63,25.9
5022,63,63,25.9
5023,63,63,25.9
5024,63,63,25.9
5025,63,63,25.9
5026,63,59,34.2
5027,64,54,34.2
5028,63,69,33.2
5029,63,63,32.8
5030,64,60,33.2
5031,63,68,33.1
5032,63,59,31.7
5033,64,58,33.1
5034,63,67,31.7
5035,63,63,33.2
5036,63,60,31.9
5037,63,63,32.1
5038,63,67,33.5
5039,63,68,33.3
5040,63,56,33.3
5041,63,55,33.2
5042,63,68,30.5
5043,63,68,30.0
5044,63,62,29.7
5045,63,67,30.1
5046,63,59,31.3
5047,63,56,30.8
5048,64,61,31.9
5049,63,61,32.1
5050,63,56,33.5
5051,63,56,32.2
5052,63,68,32.0
5053,63,63,32.9
5054,63,65,32.4
5055,63,62,33.7
5056,63,63,34.1
5057,63,62,33.5
5058,63,67,32.8
5059,63,57,33.2
5060,63,66,32.7
5061,63,56,32.4
5062,60,67,32.2
5063,67,64,32.1
5064,67,66,31.8
5065,66,70,31.0
5066,65,68,31.1
5067,65,69,32.3
5068,65,63,30.8
5069,64,57,31.4
5070,64,62,31.9
5071,64,68,34.1
5072,64,57,34.2
5073,64,67,33.5
5074,64,67,33.6
5075,64,63,33.9
5076,64,58,34.0
5077,64,58,32.2
5078,64,59,33.2
5079,68,57,31.3
5080,66,68,31.4
5081,65,56,31.7
5082,65,65,31.0
5083,65,57,30.7
5084,65,63,31.1
5085,65,55,30.3
5086,65,68,31.2
5087,65,58,30.6
5088,65,61,30.7
5089,65,57,31.1
5090,65,66,29.3
5091,65,64,28.5
5092,65,59,28.2
5093,65,65,27.8
5094,65,62,27.7
5095,65,55,27.3
5096,65,69,27.3
5097,65,68,27.2
5098,65,59,27.0
5099,65,70,26.7
5100,65,59,26.5
5101,65,65,26.6
5102,65,56,26.3
5103,65,59,26.4
5104,65,65,26.2
5105,65,69,26.0
5106,65,61,25.9
5107,65,59,25.6
5108,65,56,25.8
5109,65,69,25.6
5110,65,58,25.4
5111,65,59,25.4
5112,65,60,25.2
5113,65,56,25.2
5114,65,55,25.0
5115,65,66,25.0
5116,65,64,25.0
5117,65,61,25.0
5118,65,62,24.8
5119,65,64,24.7
5120,64,60,24.8
5121,65,60,24.9
5122,65,63,24.6
5123,64,63,25.9
5124,64,65,24.7
5125,64,67,24.6
5126,65,59,24.6
5127,64,61,24.6
5128,64,57,24.6
5129,64,59,24.6
5130,64,60,24.5
5131,64,68,24.5
5132,64,56,24.6
5133,64,70,24.4
5134,64,55,24.3
5135,64,62,24.4
5136,64,70,24.4
5137,64,60,24.3
5138,64,68,24.3
5139,64,59,24.3
5140,64,61,24.2
5141,64,69,24.1
5142,63,59,23.9
5143,64,60,23.9
5144,64,67,23.7
5145,64,56,23.9
5146,64,65,23.8
5147,64,67,23.6
5148,63,64,23.5
5149,64,64,23.5
5150,63,63,23.8
5151,63,63,23.6
5152,63,57,23.4
5153,62,59,23.6
5154,62,66,23.6
5155,62,66,23.7
5156,61,64,23.8
5157,62,60,23.7
5158,60,63,23.5
5159,60,63,23.6
5160,60,56,23.7
5161,60,61,23.6
5162,60,58,23.4
5163,61,58,23.4
5164,60,62,23.4
5165,59,67,23.3
5166,59,55,23.4
5167,59,65,23.5
5168,59,58,23.2
5169,60,69,23.3
5170,60,60,23.3
5171,60,66,23.1
5172,59,68,23.1
5173,60,59,23.2
5174,60,69,23.3
5175,60,63,23.0
5176,60,58,23.0
5177,59,60,23.1
5178,59,57,23.3
5179,59,61,23.3
5180,59,59,23.2
5181,59,64,23.0
5182,59,68,23.0
5183,58,63,23.1
5184,59,69,23.2
5185,58,70,23.1
5186,59,58,23.1
5187,58,65,23.2
5188,59,59,23.1
5189,58,65,23.1
5190,58,67,23.3
5191,59,62,23.2
5192,58,70,23.3
5193,59,64,23.4
5194,59,61,23.4
5195,57,69,23.3
5196,59,68,23.3
5197,58,66,23.3
5198,59,55,23.3
5199,59,65,23.3
5200,59,56,23.4
5201,59,59,23.5
5202,59,60,23.6
5203,59,62,23.5
5204,60,67,23.6
5205,60,57,23.6
5206,60,66,23.5
5207,60,68,23.4
5208,61,59,23.5
5209,61,63,23.5
5210,61,56,23.6
5211,62,67,23.7
5212,62,56,23.6
5213,62,60,23.5
5214,62,56,23.6
5215,62,66,23.4
5216,62,59,23.5
5217,62,62,23.4
5218,62,57,23.5
5219,63,61,23.5
5220,62,69,23.5
5221,62,64,23.4
5222,62,63,23.4
5223,62,56,23.2
5224,62,66,23.3
5225,62,59,23.3
5226,62,65,23.2
5227,62,56,23.1
5228,62,65,23.0
5229,62,61,23.3
5230,62,61,23.2
5231,63,65,23.2
5232,62,70,23.1
5233,62,63,23.0
5234,62,55,23.1
5235,63,58,23.0
5236,62,62,22.9
5237,62,60,23.1
5238,62,68,23.0
5239,63,60,23.0
5240,63,62,22.9
5241,63,60,22.7
5242,62,64,22.8
5243,63,67,22.9
5244,62,69,22.7
5245,63,60,22.6
5246,63,58,22.8
5247,63,60,22.7
5248,63,62,22.6
5249,63,62,22.7
5250,63,65,22.7
5251,63,68,22.8
5252,63,59,22.6
5253,63,60,22.7
5254,63,68,22.5
5255,63,55,22.3
5256,63,68,22.4
5257,63,67,22.4
5258,63,58,22.5
5259,63,67,22.8
5260,63,60,22.5
5261,63,66,22.7
5262,62,66,22.6
5263,63,69,22.7
5264,62,60,23.0
5265,62,66,23.0
5266,63,58,23.1
5267,63,59,23.3
5268,63,55,23.6
5269,62,65,23.8
5270,63,62,24.1
5271,62,61,24.3
5272,63,62,24.8
5273,62,56,24.7
5274,63,58,24.7
5275,63,70,26.1
5276,63,66,26.6
5277,63,60,26.4
5278,63,63,26.8
5279,63,66,26.5
5280,63,65,27.9
5281,63,63,25.9
5282,63,68,29.3
5283,63,57,30.2
5284,64,68,31.0
5285,63,66,31.2
5286,63,59,30.0
5287,63,69,29.8
5288,63,55,29.1
5289,63,63,29.7
5290,63,58,27.0
5291,64,66,26.2
5292,64,60,26.2
5293,64,61,25.6
5294,63,70,25.9
5295,63,56,29.9
5296,63,68,31.2
5297,63,63,31.6
5298,64,59,32.3
5299,63,69,32.7
5300,64,57,31.5
5301,63,62,32.5
5302,63,55,31.8
5303,63,55,31.6
5304,63,61,32.5
5305,63,58,33.8
5306,63,67,32.8
5307,63,63,33.3
5308,63,64,33.5
5309,64,66,33.7
5310,63,67,33.5
5311,63,59,34.0
5312,64,66,34.3
5313,64,69,33.4
5314,63,68,32.4
5315,63,59,31.7
5316,64,64,32.7
5317,64,64,31.2
5318,63,60,32.4
5319,64,60,31.0
5320,63,64,31.8
5321,63,58,32.6
5322,63,69,32.3
5323,63,69,32.4
5324,63,67,32.0
5325,63,66,33.3
5326,63,55,31.5
5327,63,62,32.7
5328,63,63,30.9
5329,63,63,25.9
5330,63,59,29.7
5331,64,59,30.6
5332,63,60,30.8
5333,63,57,32.2
5334,63,56,30.8
5335,64,61,30.6
5336,63,60,30.5
5337,63,58,30.6
5338,63,63,30.1
5339,63,68,29.8
5340,63,68,32.9
5341,63,68,32.5
5342,63,70,31.3
5343,63,69,30.6
5344,63,61,31.3
5345,63,63,33.4
5346,63,63,33.1
5347,62,59,33.1
5348,63,67,32.9
5349,63,61,32.6
5350,63,67,32.4
5351,63,65,31.0
5352,63,60,33.0
5353,62,67,31.6
5354,62,65,32.7
5355,63,61,33.3
5356,62,61,31.1
5357,63,60,29.9
5358,62,61,29.5
5359,63,56,31.0
5360,63,64,30.3
5361,62,60,30.3
5362,63,63,31.7
5363,63,57,30.5
5364,62,55,28.6
5365,62,60,29.1
5366,62,67,31.0
5367,62,62,30.6
5368,62,63,30.5
5369,63,60,30.3
5370,62,69,30.0
5371,63,60,29.8
5372,63,59,29.6
5373,63,68,29.9
5374,64,56,30.5
5375,64,66,28.7
5376,64,58,28.9
5377,64,63,25.9
5378,64,63,25.9
5379,64,63,25.9
5380,64,63,25.9
5381,64,63,25.9
5382,64,63,25.9
5383,64,66,26.1
5384,64,69,25.7
5385,63,60,25.7
5386,64,66,25.7
5387,63,64,25.6
5388,63,66,25.6
5389,63,62,25.4
5390,63,60,25.3
5391,63,63,25.1
5392,63,66,25.0
5393,63,62,25.0
5394,63,69,24.9
5395,63,70,24.8
5396,63,62,24.6
5397,63,63,24.6
5398,63,56,24.4
5399,63,68,24.4
5400,63,70,24.3
5401,63,67,24.2
5402,63,63,24.0
5403,63,60,24.1
5404,63,61,24.0
5405,63,57,24.0
5406,63,70,24.0
5407,63,63,25.9
5408,63,56,24.0
5409,63,58,23.9
5410,63,60,23.9
5411,63,56,23.8
5412,63,63,23.8
5413,63,58,23.8
5414,63,55,23.8
5415,63,56,23.8
5416,63,64,23.7
5417,63,68,23.8
5418,63,65,23.9
5419,63,64,23.8
5420,63,64,23.7
5421,62,62,23.6
5422,63,62,23.5
5423,62,70,23.6
5424,63,70,23.5
5425,63,64,23.4
5426,63,60,23.4
5427,62,68,23.3
5428,62,67,23.3
5429,62,63,23.4
5430,63,62,23.3
5431,62,55,23.3
5432,63,65,23.2
5433,62,67,22.9
5434,62,68,23.3
5435,62,60,23.3
5436,62,58,23.4
5437,62,55,23.3
5438,62,61,23.1
5439,63,67,23.2
5440,62,60,23.1
5441,62,61,23.2
5442,61,68,23.0
5443,62,64,23.2
5444,62,57,23.1
5445,62,68,23.2
5446,62,56,23.0
5447,62,60,23.2
5448,62,57,23.1
5449,61,63,23.1
5450,62,65,23.1
5451,61,68,23.0
5452,62,58,22.9
5453,61,60,22.9
5454,62,62,22.7
5455,61,63,22.6
5456,61,61,22.8
5457,61,55,23.1
5458,61,69,22.9
5459,62,65,22.9
5460,62,60,22.8
5461,62,69,22.7
5462,61,59,22.8
5463,61,60,22.9
5464,61,59,22.8
5465,61,67,22.8
5466,61,56,22.9
5467,60,63,22.8
5468,61,56,22.9
5469,61,67,22.9
5470,61,65,22.8
5471,60,61,22.7
5472,60,63,22.7
5473,61,69,22.5
5474,60,57,22.7
5475,61,55,22.8
5476,60,65,22.7
5477,60,65,22.7
5478,61,66,22.6
5479,61,58,22.8
5480,60,60,22.7
5481,60,67,22.4
5482,60,69,22.3
5483,61,57,22.4
5484,60,67,22.3
5485,60,67,22.1
5486,60,68,22.2
5487,60,61,22.0
5488,59,58,21.9
5489,59,62,22.2
5490,60,57,22.0
5491,59,60,22.1
5492,59,60,21.9
5493,60,57,22.0
5494,59,61,22.0
5495,59,59,22.0
5496,59,61,22.1
5497,59,55,21.9
5498,60,70,21.9
5499,59,60,21.9
5500,59,64,21.8
5501,59,56,22.0
5502,59,66,21.8
5503,59,65,21.8
5504,59,70,22.0
5505,59,56,21.7
5506,59,60,21.9
5507,60,55,21.9
5508,60,62,21.8
5509,60,65,21.7
5510,60,66,21.6
5511,59,56,21.7
5512,59,56,21.8
5513,60,66,21.9
5514,59,61,21.6
5515,58,66,21.8
5516,59,60,21.6
5517,59,61,21.8
5518,59,58,21.7
5519,59,58,21.4
5520,58,67,21.5
5521,59,64,21.4
5522,59,69,21.2
5523,59,64,21.5
5524,59,63,21.2
5525,59,55,21.3
5526,58,61,21.3
5527,58,62,21.3
5528,59,66,21.3
5529,58,69,21.3
5530,59,62,21.1
5531,58,67,21.1
5532,58,56,21.2
5533,59,55,21.3
5534,58,60,21.2
5535,58,56,21.0
5536,59,63,21.0
5537,58,68,21.0
5538,58,64,21.2
5539,58,66,21.0
5540,57,63,20.7
5541,58,68,20.7
5542,59,67,20.8
5543,58,65,20.6
5544,58,66,20.7
5545,59,64,20.9
5546,57,62,21.0
5547,58,67,20.9
5548,58,59,20.8
5549,58,58,20.9
5550,58,69,20.8
5551,59,59,21.2
5552,59,64,21.4
5553,58,61,21.6
5554,58,69,21.8
5555,58,58,22.0
5556,59,65,22.1
5557,59,64,22.3
5558,58,56,22.5
5559,59,67,22.8
5560,60,61,22.9
5561,60,57,23.4
5562,59,60,25.7
5563,60,69,26.8
5564,61,66,26.5
5565,61,60,27.4
5566,61,57,27.8
5567,61,63,27.2
5568,62,55,28.3
5569,62,69,28.1
5570,61,56,29.2
5571,62,55,28.5
5572,62,57,29.2
5573,62,69,29.3
5574,62,64,27.2
5575,62,67,29.3
5576,62,61,30.2
5577,62,65,30.5
5578,62,56,30.0
5579,62,59,30.1
5580,62,70,31.3
5581,62,62,31.1
5582,63,60,31.2
5583,62,56,30.4
5584,63,66,32.1
5585,62,63,25.9
5586,63,63,25.9
5587,63,63,25.9
5588,63,63,25.9
5589,62,63,25.9
5590,63,55,31.1
5591,62,63,30.1
5592,63,68,31.3
5593,63,64,31.6
5594,62,64,31.3
5595,62,64,30.8
5596,63,56,30.9
5597,63,66,31.7
5598,62,63,32.3
5599,63,69,33.3
5600,63,68,33.1
5601,63,57,33.4
5602,62,68,33.2
5603,62,62,32.9
5604,63,67,32.2
5605,62,56,33.1
5606,62,61,33.5
5607,62,59,32.3
5608,63,58,31.8
5609,62,55,32.2
5610,62,55,32.5
5611,62,57,33.5
5612,62,69,33.9
5613,62,60,34.0
5614,62,61,33.9
5615,62,60,32.1
5616,62,65,31.5
5617,62,62,31.9
5618,62,64,31.6
5619,62,63,33.4
5620,62,58,35.3
5621,62,56,34.2
5622,62,53,33.6
5623,62,52,34.9
5624,62,63,34.2
5625,62,63,33.1
5626,62,62,32.9
5627,62,67,32.8
5628,62,61,34.4
5629,62,64,34.7
5630,62,63,25.9
5631,62,63,25.9
5632,62,63,25.9
5633,62,67,31.5
5634,62,58,31.3
5635,62,59,32.5
5636,62,64,32.3
5637,62,61,32.0
5638,62,63,30.6
5639,62,67,32.8
5640,62,59,33.3
5641,62,63,32.0
5642,62,55,32.1
5643,62,56,31.9
5644,62,69,31.8
5645,62,61,32.9
5646,62,62,31.5
5647,62,55,32.2
5648,62,56,31.8
5649,62,66,31.7
5650,62,60,32.6
5651,61,66,31.6
5652,66,61,32.2
5653,65,58,31.4
5654,65,66,31.5
5655,64,63,25.9
5656,64,56,29.7
5657,65,58,30.4
5658,65,65,30.0
5659,65,69,28.8
5660,65,66,28.8
5661,65,64,28.9
5662,65,63,29.1
5663,65,62,28.4
5664,65,56,27.7
5665,65,62,27.6
5666,65,60,27.4
5667,65,70,26.9
5668,65,67,26.8
5669,65,67,26.6
5670,65,68,26.6
5671,65,66,26.5
5672,65,55,26.5
5673,65,57,26.4
5674,65,55,26.4
5675,65,57,26.2
5676,65,62,26.1
5677,65,68,26.0
5678,65,60,25.8
5679,65,61,25.6
5680,65,58,25.6
5681,65,66,25.5
5682,65,69,25.5
5683,65,66,25.4
5684,65,57,25.3
5685,65,64,25.3
5686,65,70,25.1
5687,65,57,25.1
5688,65,63,25.1
5689,65,70,25.0
5690,65,66,25.0
5691,65,68,24.9
5692,65,65,24.9
5693,65,66,24.9
5694,65,65,24.9
5695,65,61,24.9
5696,64,65,24.9
5697,65,68,24.8
5698,65,69,24.7
5699,64,60,24.7
5700,65,61,24.7
5701,64,62,24.8
5702,65,55,24.8
5703,64,67,24.8
5704,64,70,24.7
5705,64,65,24.6
5706,64,65,24.6
5707,64,60,24.6
5708,64,68,24.6
5709,63,67,24.5
5710,64,56,24.5
5711,63,63,24.5
5712,64,55,24.5
5713,63,64,24.5
5714,64,59,24.6
5715,63,59,24.4
5716,64,68,24.5
5717,63,67,24.4
5718,64,63,24.4
5719,63,59,24.3
5720,63,57,24.1
5721,63,66,24.0
5722,64,68,24.2
5723,63,62,24.3
5724,64,63,24.2
5725,63,59,24.1
5726,63,69,24.1
5727,63,56,23.9
5728,63,63,24.0
5729,62,62,24.1
5730,63,57,24.0
5731,63,70,23.9
5732,63,64,23.9
5733,63,56,23.7
5734,63,68,23.9
5735,63,58,23.8
5736,63,56,23.9
5737,63,56,24.0
5738,62,65,23.9
5739,63,61,23.9
5740,63,56,23.8
5741,63,62,23.8
5742,62,67,23.7
5743,63,66,23.7
5744,63,60,23.6
5745,63,58,23.5
5746,63,61,23.6
5747,62,69,23.6
5748,62,60,23.5
5749,63,68,23.2
5750,63,58,23.3
5751,64,56,23.2
5752,63,70,22.8
5753,63,63,22.9
5754,63,66,22.6
5755,62,68,23.1
5756,62,57,23.1
5757,62,62,22.7
5758,63,61,22.7
5759,62,64,22.7
5760,62,57,22.6
5761,62,58,22.6
5762,63,64,22.8
5763,62,59,22.7
5764,62,69,22.8
5765,62,68,22.9
5766,62,58,22.9
5767,61,70,22.9
5768,61,61,23.1
5769,62,55,23.2
5770,61,56,23.3
5771,62,65,23.3
5772,61,69,23.1
5773,61,62,23.0
5774,60,55,23.1
5775,60,70,23.1
5776,60,67,23.2
5777,60,66,23.3
5778,59,67,23.2
5779,59,67,23.0
5780,59,64,23.2
5781,60,68,23.0
5782,60,60,23.1
5783,59,65,23.2
5784,60,61,23.1
5785,60,57,23.1
5786,60,64,22.9
5787,60,58,22.7
5788,60,58,23.0
5789,60,55,23.1
5790,60,63,22.9
5791,60,64,23.1
5792,60,63,23.0
5793,61,69,23.0
5794,61,61,23.4
5795,61,60,23.4
5796,61,57,23.3
5797,60,69,23.2
5798,61,58,23.1
5799,60,66,23.3
5800,61,58,23.2
5801,61,57,23.1
5802,61,60,23.0
5803,61,69,22.8
5804,60,65,22.8
5805,60,57,22.8
5806,60,61,22.8
5807,61,67,22.8
5808,60,58,23.0
5809,61,57,22.7
5810,61,58,22.7
5811,61,70,22.6
5812,61,62,22.7
5813,61,55,22.5
5814,61,62,22.6
5815,62,64,22.5
5816,61,66,22.6
5817,62,68,22.8
5818,62,59,22.6
5819,61,61,22.6
5820,61,69,22.6
5821,61,69,22.6
5822,61,65,22.5
5823,62,57,22.5
5824,61,60,22.4
5825,62,58,22.4
5826,61,65,22.3
5827,62,55,22.5
5828,61,69,22.4
5829,62,61,22.4
5830,62,68,22.4
5831,62,59,22.3
5832,62,63,22.2
5833,62,60,22.3
5834,62,58,22.1
5835,63,55,22.2
5836,63,64,22.2
5837,63,65,22.3
5838,63,61,22.5
5839,63,67,22.6
5840,64,63,22.8
5841,64,63,23.1
5842,64,57,23.3
5843,64,59,23.6
5844,64,56,23.8
5845,64,66,24.1
5846,64,56,24.2
5847,63,69,24.3
5848,64,56,25.9
5849,64,69,27.0
5850,64,59,27.7
5851,64,57,27.8
5852,63,63,28.4
5853,63,68,28.6
5854,63,67,28.9
5855,63,58,29.5
5856,63,68,30.4
5857,63,67,30.2
5858,64,68,30.8
5859,63,68,30.8
5860,63,63,29.4
5861,63,68,31.4
5862,63,66,31.5
5863,63,56,31.3
5864,64,55,32.5
5865,64,56,31.8
5866,63,68,31.1
5867,64,60,32.8
5868,64,57,32.0
5869,63,65,33.0
5870,63,56,33.7
5871,63,57,32.3
5872,63,56,32.1
5873,64,63,33.3
5874,64,62,29.8
5875,64,60,29.2
5876,64,59,30.9
5877,55,56,30.0
5878,36,70,31.1
5879,36,59,32.4
5880,38,61,30.9
5881,35,68,31.3
5882,31,70,32.6
5883,66,59,31.8
5884,66,66,32.4
5885,66,55,31.2
5886,66,63,31.9
5887,66,64,30.9
5888,66,55,31.8
5889,66,65,32.4
5890,66,58,31.8
5891,66,58,32.1
5892,66,55,32.6
5893,66,63,31.3
5894,66,59,31.3
5895,66,67,32.6
5896,66,62,30.4
5897,66,62,32.5
5898,66,64,32.5
5899,66,68,32.9
5900,66,63,32.0
5901,66,63,25.9
5902,66,63,25.9
5903,66,63,25.9
5904,66,63,25.9
5905,66,63,25.9
5906,66,63,25.9
5907,66,63,25.9
5908,66,63,25.9
5909,66,63,25.9
5910,66,63,25.9
5911,66,63,25.9
5912,66,65,33.0
5913,66,68,32.0
5914,66,69,32.9
5915,66,64,33.3
5916,66,61,33.7
5917,66,66,34.3
5918,66,56,34.0
5919,66,65,34.2
5920,66,61,33.1
5921,66,70,33.2
5922,66,59,31.9
